TITLE,DESCRIPTION,PRICE,CURRENCY_CODE,QUANTITY,TAGS,MATERIALS,IMAGE1,IMAGE2,IMAGE3,IMAGE4,IMAGE5,IMAGE6,IMAGE7,IMAGE8,IMAGE9,IMAGE10,"VARIATION 1 TYPE","VARIATION 1 NAME","VARIATION 1 VALUES","VARIATION 2 TYPE","VARIATION 2 NAME","VARIATION 2 VALUES",SKU
"Cable wrap, Cord holder, Cord keeper, Cord taco, Cord management, Cord organizer, Cord wrap, Wire management, Wire organizer, Cable ties","Keep your cords in order with this handmade wrap. When it is done up it looks like it is sticking it’s tongue out at you!",17,CAD,480,"cord_management,accessories,tech_accessories,headphone_wrap,cute,leather_cord_wrap,gifts_for_teens,gifts,cord_organization,leather_cable_holder,cable_organization,headphone_organizer,bunny",,https://i.etsystatic.com/19409017/r/il/e0ac0f/2024374559/il_fullxfull.2024374559_4pj3.jpg,https://i.etsystatic.com/19409017/r/il/a21746/2024374585/il_fullxfull.2024374585_nskg.jpg,https://i.etsystatic.com/19409017/r/il/136772/1825056155/il_fullxfull.1825056155_ejdi.jpg,https://i.etsystatic.com/19409017/r/il/5474dc/1825056205/il_fullxfull.1825056205_ay7z.jpg,https://i.etsystatic.com/19409017/r/il/bd96e2/1777598618/il_fullxfull.1777598618_4bdf.jpg,,,,,,Colour,"Primary colour","Black,Brown,Gold,Silver,Medium Brown,Blue,Green,Pink,Purple,Red",,,,"1oqbZd0yDmvmXa3P,D2PX37XmxqMdjzXZR,JQ0LOxk1ygz1QNWR,XdOkworamDwmrd56,a3nNDpQp2Ev5nyaP,XdlzNp9rNRd6MZQO,VaoMl44OmwbRRQzX,kA0Ovq7QNgNdoVbM,61lJD0Vrzy4yD3na,2jxEgxazR9P5M7oN"
"Bat Cable wrap, Cord holder, Cord keeper, Cord taco, Cord management, Cord organizer, Cord wrap, Wire management, Wire organizer, Cable ties","Keep your cords in order with this handmade wrap. When it is done up it looks like it is sticking it’s tongue out at you!",12,CAD,438,"bat,cord_management,accessories,tech_accessories,headphone_wrap,cute,leather_cord_wrap,gifts_for_teens,gifts,cord_organization,leather_cable_holder,cable_organization,headphone_organizer",,https://i.etsystatic.com/19409017/r/il/03bab4/1976818252/il_fullxfull.1976818252_9saw.jpg,https://i.etsystatic.com/19409017/r/il/c6f75f/2024372533/il_fullxfull.2024372533_cbq2.jpg,,,,,,,,,Colour,"Primary colour","Gold,Red,Purple,Pink,Green,Blue,Medium Brown,Silver,Brown,Black",,,,"mw7rRl0ldwvV88QO,LXN7nzbR9Omw9l0O,yZQQJ4520jpg5Jmo,omVk5znr4YkWV44X,Vq8V1xpDqb1z38mM,PwwvAgnwJj7pd6rD,v2qmO84Px24qZmwb,68LYAMEd4ZjZbpkJ,QWraVd8QLR9Vnkda,aMbgj5dkdLajY3Mg"
"Custom Dog Hair Accessories Leather Cheshire Cat in the Hat","Custom hair accessories for your adorable fluffy friend! Select the colour that you would like!",20,CAD,49,"dog_bow,dog_accessories,dog_hat,cute_dog,Pet_supplies,Pet_accessories,shih_tzu_hair_bow,dog_hair_bows,puppy_bow,yorkie_bow,maltese_bow,custom_dog_bow,alice_in_wonderland",,https://i.etsystatic.com/19409017/r/il/41b745/1786350646/il_fullxfull.1786350646_k0b1.jpg,https://i.etsystatic.com/19409017/r/il/cad5ee/1786350844/il_fullxfull.1786350844_s7a7.jpg,,,,,,,,,,,,,,,
"Customizable Leather Journal Cover Night Sky","Hand dyed, hand stitched leather notebook cover. Three sizes available- composition book, regular or pocket Moleskin size. Your choice of graphics and/or text on the front. Vegetable tanned leather hand dyed dark blue with waxed black stitching.",62,CAD,147,"night_sky,celestial_journal,custom_bullet,leather_journal,leather_book_cover,office,stationary,planner,diary,gifts,accessories,bullet_journal,moleskin_cover",,https://i.etsystatic.com/19409017/r/il/1e61ea/2577298308/il_fullxfull.2577298308_l522.jpg,https://i.etsystatic.com/19409017/r/il/41f817/2525395631/il_fullxfull.2525395631_dhju.jpg,https://i.etsystatic.com/19409017/r/il/a7d3df/2090579302/il_fullxfull.2090579302_av3l.jpg,https://i.etsystatic.com/19409017/r/il/4672f7/2090579374/il_fullxfull.2090579374_2jjs.jpg,https://i.etsystatic.com/19409017/r/il/284d88/2525395381/il_fullxfull.2525395381_esfv.jpg,https://i.etsystatic.com/19409017/r/il/e8eb53/2525395483/il_fullxfull.2525395483_b6cz.jpg,,,,,Size,Size,"7.54x9.75,5x8.25,4x6",,,,"W6a982vgz84p4x5D,4M1qMMYLQoYyzxpM,74QRYbpwok22r5Ok"
"Cable wrap, Cord holder, Cord keeper, Cord taco, Cord management, Cord organizer, Cord wrap, Wire management, Wire organizer, Cable ties","Keep your cords in order with this handmade wrap. When it is done up it looks like it is sticking it’s tongue out at you!",17,CAD,480,"cord_management,accessories,tech_accessories,headphone_wrap,cute,leather_cord_wrap,gifts_for_teens,gifts,cord_organization,leather_cable_holder,cable_organization,headphone_organizer,puppy",,https://i.etsystatic.com/19409017/r/il/6e4e2a/1825056933/il_fullxfull.1825056933_og4n.jpg,https://i.etsystatic.com/19409017/r/il/eaffe9/1825056979/il_fullxfull.1825056979_1wog.jpg,https://i.etsystatic.com/19409017/r/il/3b8f90/1825057021/il_fullxfull.1825057021_8ced.jpg,,,,,,,,Colour,"Primary colour","Black,Brown,Gold,Silver,Medium Brown,Blue,Green,Pink,Purple,Red",,,,"kdJw8X1Xd1pLl4XQ,mX3JgmvQ9QkZy1Mm,bmr7NkdN5aOVz1N7,XRm91QlV8b77ADLDy,Dz8734lo5QbVRlaO,1L6oQbAm0dgzdJp0,vxvkbjakvmzbpj14,b4zOkM5bNE1LJDv7,ayNzaLbvm24dYqZE,W8vQda9ZRnPAnVyd5"
"Leather Anatomical Heart Coffee Sleeve","Protect your fingers in style with this celtic knot leather coffee sleeve. Fits most commercial take-out coffee cups. Vegetable tanned leather dyed Bordeaux with double capped antique brass rivet closures.",20,CAD,48,"Kitchen,Accessories,Cup_Holder,Gifts,Gifts_for_Men,Gifts_for_Teacher,Leather,Reusable,Celtic_knot,Coffee_sleeve,Celtic,Custom,personalize_gift",,https://i.etsystatic.com/19409017/r/il/ee754b/1839477823/il_fullxfull.1839477823_t2of.jpg,https://i.etsystatic.com/19409017/r/il/0a086f/1792015312/il_fullxfull.1792015312_lzih.jpg,,,,,,,,,,,,,,,
"Celtic Knot Leather Book Cover","Hand dyed, hand stitched leather notebook cover. Fits pocket Moleskin size 9x14cm. Laser etched celtic knot symbol on the front. Vegetable tanned leather hand dyed Bordeaux with waxed black stitching.",62,CAD,8,"leather_book_cover,cover,office,stationary,planner,celtic_knot,diary,gifts_for_men,gifts_for_teens,gifts,accessories,bullet_journal,moleskin_cover",,https://i.etsystatic.com/19409017/r/il/63fd14/2247054831/il_fullxfull.2247054831_7jp2.jpg,https://i.etsystatic.com/19409017/r/il/d5eabe/1753782860/il_fullxfull.1753782860_h6vl.jpg,https://i.etsystatic.com/19409017/r/il/0c8a60/1801235881/il_fullxfull.1801235881_clyy.jpg,,,,,,,,,,,,,,
"Anatomical Heart Single Pocket Leather Card Holder","A handmade, hand dyed leather card wallet that can hold up to 5 cards. Vegetable tanned leather dyed Bordeaux with black waxed thread stitching.",37,CAD,10,"steampunk,heart,gifts_for_men,gifts_for_groomsmen,gifts,card_holder,card_wallet,leather,accessories,celtic_knot,gifts_for_teacher,mens_accessories,womens_accessories",,https://i.etsystatic.com/19409017/r/il/247e59/1891697905/il_fullxfull.1891697905_p7n7.jpg,https://i.etsystatic.com/19409017/r/il/12bdc8/1882131751/il_fullxfull.1882131751_hl0m.jpg,https://i.etsystatic.com/19409017/r/il/829f65/1835936357/il_fullxfull.1835936357_kvy0.jpg,https://i.etsystatic.com/19409017/r/il/3c40a3/1835936481/il_fullxfull.1835936481_dvlo.jpg,,,,,,,,,,,,,
"Celtic Knot Lether Six Pocket Bifold Wallet","Hand dyed hand stitched bi fold wallet. Vegetable tanned leather hand dyed in bordeaux with black waxed thread stitching. Laser etched celtic knotwork completes the look.",87,CAD,1,"leather,wallet,gifts,gifts_for_men,gifts_for_groomsmen,gifts_for_teens,gifts_for_women,womens_accessories,mens_accessories,celtic_knot,vikings,handmade,hand_dyed",,https://i.etsystatic.com/19409017/r/il/01db3f/1753886166/il_fullxfull.1753886166_gtw8.jpg,https://i.etsystatic.com/19409017/r/il/dd05ed/1753885970/il_fullxfull.1753885970_ki0r.jpg,,,,,,,,,,,,,,,
"Custom cutting board, Wedding gift Cutting Board, Anniversary gift, Housewarming gift, Engraved cutting board, Keepsake, Heirloom","Laser engraved bamboo cutting board to commemorate your special day or occasion. Available in 3 sizes 11 inch x 14 inch (27.9 cm x 35.5 cm), 8 inch x 10 inch (20.3 cm x 13.9 cm), 8 inch x 5.5 inch (20.3 cm x 13.9 cm).

I recommend this board for decorative use and not every day kitchen use. Absolutely do not put them in the dishwasher!",45,CAD,147,"engraved,wedding_memories,housewarming_gift,keepsake,bamboo_cutting_board,personalized_gift,custom_cutting_board,anniversary_gift,wedding_gift,Kitchen,Gifts,Home_and_Dining,Custom",,https://i.etsystatic.com/19409017/r/il/0fb48b/1969904286/il_fullxfull.1969904286_j0zl.jpg,https://i.etsystatic.com/19409017/r/il/6584d9/1969904238/il_fullxfull.1969904238_bh6r.jpg,https://i.etsystatic.com/19409017/r/il/6d8df6/2017456415/il_fullxfull.2017456415_hdgm.jpg,https://i.etsystatic.com/19409017/r/il/e6aeb3/2017456441/il_fullxfull.2017456441_7xib.jpg,,,,,,,Dimensions,Dimensions,"11 x 14,8 x 10,8 x 5.5",,,,"50XqYPpl1qO9bRRw,A52grOqdb1RNNNk6,rL8M318RW170opdw"
"Leather Anatomical Heart Coffee Sleeve","Protect your fingers in style with this celtic knot leather coffee sleeve. Fits most commercial take-out coffee cups. Vegetable tanned leather dyed Bordeaux with double capped antique brass rivet closures.",20,CAD,18,"Kitchen,Accessories,Cup_Holder,Gifts,Gifts_for_Men,Gifts_for_Teacher,Leather,Reusable,Celtic_knot,Coffee_sleeve,Home_and_Dining,Celtic,Custom",,https://i.etsystatic.com/19409017/r/il/8b7317/1834657992/il_fullxfull.1834657992_4eaz.jpg,https://i.etsystatic.com/19409017/r/il/0a086f/1792015312/il_fullxfull.1792015312_lzih.jpg,https://i.etsystatic.com/19409017/r/il/c1c85a/1834657954/il_fullxfull.1834657954_a0zw.jpg,,,,,,,,,,,,,,
"Personalized Leather Journal Cover","4x6 moleskine with handprints and text per attached messages",52,CAD,1,,,https://i.etsystatic.com/19409017/r/il/6bb687/2905513587/il_fullxfull.2905513587_fc4d.jpg,,,,,,,,,,,,,,,,
"D20 Leather Bookmark with Custom Text","Hand-dyed black 3oz Veg-tanned leather bookmark with a D20 on the top. It is 16 cm long and 3.5 cm wide. You can engrave a name or text on the bookmark.",25,CAD,22,"dungeons_and_dragons,DnD,dice,D20,new_moon_Technocraft,custom_bookmark,books,book_accessories,leather_book_mark,leather_bookmark,bookmark,gifts,personalize_gift",,https://i.etsystatic.com/19409017/r/il/4c9a6f/2994197933/il_fullxfull.2994197933_1qc5.jpg,https://i.etsystatic.com/19409017/r/il/ca2528/2994185533/il_fullxfull.2994185533_lp0e.jpg,https://i.etsystatic.com/19409017/r/il/34c53c/2946489822/il_fullxfull.2946489822_rnh2.jpg,https://i.etsystatic.com/19409017/r/il/c41336/2994185907/il_fullxfull.2994185907_ezyy.jpg,https://i.etsystatic.com/19409017/r/il/150806/2994185913/il_fullxfull.2994185913_eknj.jpg,,,,,,,,,,,,
"Custom Christmas Ornament Leather Name Celtic Knot Ornament","A beautifully hand-dyed 4oz Veg-tanned Leather Christmas Ornament engraved with the name of your loved one. The dye colours are Gold and Bordeaux. It is 9.5 cm tall and 7.5 cm wide.",23,CAD,92,"personalized,christmas_ornament,custom_ornament,name_ornament,custom_christmas,leather_ornament,celtic_knot_ornament,leather_celtic_knot,leather_tree_decor,personalized_decor,baby_name_ornament,child_name_ornament,keepsake_ornament",,https://i.etsystatic.com/19409017/r/il/29438e/3343088820/il_fullxfull.3343088820_sow7.jpg,https://i.etsystatic.com/19409017/r/il/446030/2634262946/il_fullxfull.2634262946_rlth.jpg,https://i.etsystatic.com/19409017/r/il/40513b/2634263526/il_fullxfull.2634263526_n2kt.jpg,https://i.etsystatic.com/19409017/r/il/9e3283/2681925821/il_fullxfull.2681925821_h7o7.jpg,https://i.etsystatic.com/19409017/r/il/a787db/2681926351/il_fullxfull.2681926351_9qad.jpg,https://i.etsystatic.com/19409017/r/il/025a6b/3390783025/il_fullxfull.3390783025_gm8v.jpg,,,,,,,,,,,
"Customizable Luna Moth Leather Bookmark","Hand-dyed 3oz Veg-tanned Leather Luna Moth bookmark. The dye colours are Gold and Bordeaux. It is 14.5 cm long and 3 cm wide.",25,CAD,47,"new_moon_technocraft,Luna_moth,moth,personalized,customized_bookmark,Nature_bookmark,accessories,books,book_accessories,leather_book_mark,leather_bookmark,bookmark,gifts",,https://i.etsystatic.com/19409017/r/il/efdcec/2985573268/il_fullxfull.2985573268_seac.jpg,https://i.etsystatic.com/19409017/r/il/3fa0bb/2985573250/il_fullxfull.2985573250_s3g9.jpg,https://i.etsystatic.com/19409017/r/il/d037ab/3033291201/il_fullxfull.3033291201_261d.jpg,https://i.etsystatic.com/19409017/r/il/289dac/2985573374/il_fullxfull.2985573374_b6rt.jpg,https://i.etsystatic.com/19409017/r/il/86a9fb/3033291217/il_fullxfull.3033291217_f4ee.jpg,https://i.etsystatic.com/19409017/r/il/fc61e6/2985573430/il_fullxfull.2985573430_bmn1.jpg,https://i.etsystatic.com/19409017/r/il/990d0a/3033291307/il_fullxfull.3033291307_rly5.jpg,https://i.etsystatic.com/19409017/r/il/ccf12c/3033291327/il_fullxfull.3033291327_5mhn.jpg,,,,,,,,,
"Customizable Unicorn  Leather Bookmark","Hand-dyed 3oz Veg-tanned Leather Unicorn bookmark. The dye colours are Gold and Bordeaux. It is 14.5 cm long and 3 cm wide.",25,CAD,42,"fantasy_bookmark,unicorn_bookmark,unicorn,personalized,customized_bookmark,Nature_bookmark,accessories,books,book_accessories,leather_book_mark,leather_bookmark,bookmark,gifts",,https://i.etsystatic.com/19409017/r/il/8de9cb/2448097505/il_fullxfull.2448097505_cdrb.jpg,https://i.etsystatic.com/19409017/r/il/31a61f/2400465842/il_fullxfull.2400465842_d5xq.jpg,https://i.etsystatic.com/19409017/r/il/6ee984/2448097651/il_fullxfull.2448097651_tjq7.jpg,,,,,,,,,,,,,,
"Family recipe cutting board, Grandma's Handwritten Recipe cutting board, custom cutting board, Mom's handwriting cutting board","Laser engraved bamboo cutting board to preserve your special family recipe. Available in 3 sizes: 11 inch x 14 inch (27.9 cm x 35.5 cm), 8 inch x 10 inch (20.3 cm x 13.9 cm), 8 inch x 5.5 inch (20.3 cm x 13.9 cm). 

When sending your recipe for engraving PLEASE SCAN the recipe - the engraved result will be so much better!

I recommend this board for decorative use and not every day kitchen use. Absolutely do not put them in the dishwasher!",45,CAD,48,"engraved_recipe,moms_recipe,grandmas_recipe,recipe_cutting_board,family_heirloom,engraved,keepsake,bamboo_cutting_board,personalized_gift,custom_cutting_board,Gifts,Home_and_Dining,personalize_gift",Wood,https://i.etsystatic.com/19409017/r/il/a2d0cd/2017482687/il_fullxfull.2017482687_oafi.jpg,https://i.etsystatic.com/19409017/r/il/5b4947/2508062879/il_fullxfull.2508062879_4tx1.jpg,https://i.etsystatic.com/19409017/r/il/9c934b/2460396622/il_fullxfull.2460396622_jcfy.jpg,https://i.etsystatic.com/19409017/r/il/ad24a9/2017482525/il_fullxfull.2017482525_eqfp.jpg,https://i.etsystatic.com/19409017/r/il/ca5d6b/2460397068/il_fullxfull.2460397068_p4to.jpg,https://i.etsystatic.com/19409017/r/il/9e87a3/1969930318/il_fullxfull.1969930318_n0zj.jpg,https://i.etsystatic.com/19409017/r/il/a06165/2017482751/il_fullxfull.2017482751_qzcq.jpg,,,,Dimensions,Dimensions,"8 x 5.5,8 x 10,11 x 14",,,,"ZOvN4ONzyoar6mRj,q0wZpObz23LbdLzyj,P33ZLq4Y7XwXQDVx"
"Customizable Tulip Leather Bookmark","Hand-dyed, hand painted 3oz Veg-tanned Leather Tulip bookmark. The dye colour is Bordeaux. The paint is mixed pinks and greens. It is 15.5 cm long and 3 cm wide.",25,CAD,40,"tulip_bookmark,tulip,flower,personalized,customized_bookmark,Nature_bookmark,accessories,books,book_accessories,leather_book_mark,leather_bookmark,bookmark,gifts",,https://i.etsystatic.com/19409017/r/il/f96226/2948945349/il_fullxfull.2948945349_qz20.jpg,https://i.etsystatic.com/19409017/r/il/f379ba/2948896657/il_fullxfull.2948896657_r13t.jpg,https://i.etsystatic.com/19409017/r/il/0594e9/2948940363/il_fullxfull.2948940363_koka.jpg,https://i.etsystatic.com/19409017/r/il/1471ff/2948896543/il_fullxfull.2948896543_kfr1.jpg,https://i.etsystatic.com/19409017/r/il/dad4cc/2948896629/il_fullxfull.2948896629_bdty.jpg,https://i.etsystatic.com/19409017/r/il/1c84a9/2948896771/il_fullxfull.2948896771_vd62.jpg,,,,,,,,,,,
"Custom Dog Hair Accessories Leather Bow","Custom hair accessories for your adorable fluffy friend! Select the colour that you would like and provide the text for the crown.",17,CAD,460,"custom_dog_bow,shih_tzu_bow,yorkie_bow,leather_dog_bow,dog_accessories,dog_hair_bow,leather_dog_hair_bow,puppy_bow,maltese_bow,pet_bow,pet_hair_accessories,custom_pet_bow,cute_dog_bow",,https://i.etsystatic.com/19409017/r/il/4d7f97/1818404965/il_fullxfull.1818404965_2ups.jpg,https://i.etsystatic.com/19409017/r/il/f5b1cc/1770949740/il_fullxfull.1770949740_t0vh.jpg,,,,,,,,,Colour,"Primary colour","Blue,Brown,Gold,Green,Pink,Purple,Red,Silver,Black,Grey",,,,"W6O1DNZQP7gW0rLE,2bgoQVn13YXl7J2y,qwqRwn1WMQd5PD4W,Y3X9Mm75y8ydbyXr,5y1zMvr6by3E0Q3q,YWQqAVo1aExdkWJX,YrQ2bb8DrVNYnkOr,ag79ROEg5aM0wP7z,8l4LbpERvk8n6j5Do,qyvVvo9E42dDl9Dp"
"Customizable Celtic Knot Monogram Leather Bookmark","Hand-dyed 3oz Veg-tanned Leather  Celtic Knot with Initial bookmark. The dye colour
 is Bordeaux. It is 18.5 cm long and 3.5 cm wide.",25,CAD,715,"celtic_knot,initial_bookmark,monogram_bookmark,viking,custom_bookmark,personalized,customized_bookmark,books,book_accessories,leather_book_mark,leather_bookmark,bookmark,personalize_gift",,https://i.etsystatic.com/19409017/r/il/ede868/2763908940/il_fullxfull.2763908940_s8lg.jpg,https://i.etsystatic.com/19409017/r/il/253861/2811597327/il_fullxfull.2811597327_br1m.jpg,https://i.etsystatic.com/19409017/r/il/523e9a/2763908880/il_fullxfull.2763908880_jnbz.jpg,https://i.etsystatic.com/19409017/r/il/6b1e3e/2763909030/il_fullxfull.2763909030_azf6.jpg,,,,,,,"Custom Property",Initial,"A,Z,Y,X,W,V,U,Q,P,O,N,K,I,H,G,D,C,B,R,J,F,T,E,S,M,L",,,,"ZXbbrz6wQ1g71Lj5o,yJMW6jxvWv4k9gqO,ApnaQkpr1MX7RLoZ,0w0vDgJPxjwE6922d,kXYkdQbjX3AVn80O,pLojEOvrd3xjLJDP,mylnvq7oXazjVjQO,k1XW0Dm8mRAOV2lr8,z5O79XqXpY3xaPVX,aDy04q3Ao30dlPag,DWpWxQxq3bQ0JbDY,J7ZknZ8AnZOl31b77,EZZRxM232NpZmW57,zO1mgQZ0xyxm4A3d,pE6Xp9X6gn20l4Va5,Zj5JoQVrxWx0JLE0,WMM1a0pbWm80mVy5,9bzJM93D8zZ2kbEv,ndoLNDm01R0bZ4Y0,2nQojqp8P0q4NQWl,MP3o4WXPRQ05274M1,blaRl3a5b6RQmJ5o,7q6wx1O0MXypqDjE,ZE63ng8dRArza8JL,ygj5bql2mgZ3q12o,EAkjpAjqpXQrb566"
"The Overlook Hotel Leather Replica Key Fob","Hand dyed, hand stitched leather key ring. Laser etched Camp Crystal Lake Information. Personalization available on the back. Hand dyed vegetable tanned leather in bordeaux with black waxed thread stitching.",25,CAD,38,"heres_Johnny,new_moon_Technocraft,the_shining,overlook_hotel,custom_leather,leather_keychain,horror,classic_horror,key_fob,key_ring,gifts,accessories_for_men,accessories_women",,https://i.etsystatic.com/19409017/r/il/804fbc/3001121403/il_fullxfull.3001121403_6mdr.jpg,https://i.etsystatic.com/19409017/r/il/b164c6/2326440590/il_fullxfull.2326440590_pmvy.jpg,https://i.etsystatic.com/19409017/r/il/2c07bd/2953192866/il_fullxfull.2953192866_1u6q.jpg,https://i.etsystatic.com/19409017/r/il/a22cda/2374027355/il_fullxfull.2374027355_hov3.jpg,https://i.etsystatic.com/19409017/r/il/81de24/2326440438/il_fullxfull.2326440438_mqyw.jpg,https://i.etsystatic.com/19409017/r/il/ccea9d/2953192886/il_fullxfull.2953192886_lva0.jpg,https://i.etsystatic.com/19409017/r/il/d5bfd0/3000909179/il_fullxfull.3000909179_bur2.jpg,https://i.etsystatic.com/19409017/r/il/573c69/2953213916/il_fullxfull.2953213916_svlm.jpg,https://i.etsystatic.com/19409017/r/il/a7349b/3000899891/il_fullxfull.3000899891_g6wu.jpg,,,,,,,,
"Horse Personalized Leather Bookmark","Hand-dyed 3oz Veg-tanned Leather horse bookmark. The dye colours are Gold and Bordeaux. It is 16 cm long and 4 cm wide.",25,CAD,6,"personalized_horse,sticking_stuffers,horse_bookmark,personalized,customized_bookmark,Nature_bookmark,accessories,books,book_accessories,leather_book_mark,leather_bookmark,bookmark,gifts",,https://i.etsystatic.com/19409017/r/il/d186c9/3508535455/il_fullxfull.3508535455_7s7y.jpg,https://i.etsystatic.com/19409017/r/il/947b92/3508532959/il_fullxfull.3508532959_74wr.jpg,https://i.etsystatic.com/19409017/r/il/271e63/3508532933/il_fullxfull.3508532933_77h4.jpg,https://i.etsystatic.com/19409017/r/il/33f8a2/3460869198/il_fullxfull.3460869198_maa3.jpg,https://i.etsystatic.com/19409017/r/il/59fa20/3508533197/il_fullxfull.3508533197_qi1f.jpg,https://i.etsystatic.com/19409017/r/il/7f7524/3508533203/il_fullxfull.3508533203_jvko.jpg,https://i.etsystatic.com/19409017/r/il/db5224/3508533327/il_fullxfull.3508533327_fsaq.jpg,https://i.etsystatic.com/19409017/r/il/700806/3508533377/il_fullxfull.3508533377_3p6n.jpg,,,,,,,,,
"Sunset Wolf Personalized Leather Bookmark","Hand-dyed 3oz Veg-tanned Leather Wolf with sunset  bookmark. The dye colour is Bordeaux. It is 14.5 cm long and 3 cm wide.",28,CAD,16,"wolf_bookmark,wolf_moon,personalized_gift,sunset,accessories,books,book_accessories,leather_book_mark,leather_bookmark,Viking_bookmark,celtic_knot,bookmark",,https://i.etsystatic.com/19409017/r/il/a1db86/2873034579/il_fullxfull.2873034579_1aoq.jpg,https://i.etsystatic.com/19409017/r/il/0af27c/2873026143/il_fullxfull.2873026143_3u9j.jpg,https://i.etsystatic.com/19409017/r/il/9cdc1c/2825364510/il_fullxfull.2825364510_mihv.jpg,https://i.etsystatic.com/19409017/r/il/6e4ee5/2825364620/il_fullxfull.2825364620_9kqt.jpg,https://i.etsystatic.com/19409017/r/il/70d535/2825364678/il_fullxfull.2825364678_evef.jpg,https://i.etsystatic.com/19409017/r/il/b5f179/2825364766/il_fullxfull.2825364766_m30f.jpg,https://i.etsystatic.com/19409017/r/il/d4f025/2825364768/il_fullxfull.2825364768_ov3b.jpg,https://i.etsystatic.com/19409017/r/il/0e3cc2/2873026367/il_fullxfull.2873026367_1orh.jpg,,,,,,,,,
"Customizable Leather Journal Cover","Hand dyed, hand stitched leather notebook cover. Three sizes available- composition book, regular or pocket Moleskin size. Your choice of graphics and/or text on the front. Vegetable tanned leather hand your choice of colour with waxed black stitching.",62,CAD,1147,"personalized_journal,custom_bullet,leather_journal,leather_book_cover,stationary,planner,diary,bullet_journal,moleskin_cover,personalize_gift,morning_routine,valentines_gift,leather_gift",,https://i.etsystatic.com/19409017/r/il/439c58/2577146536/il_fullxfull.2577146536_7b7k.jpg,https://i.etsystatic.com/19409017/r/il/2144f0/2624801117/il_fullxfull.2624801117_i3ql.jpg,https://i.etsystatic.com/19409017/r/il/39d658/2577145744/il_fullxfull.2577145744_pl2k.jpg,https://i.etsystatic.com/19409017/r/il/b88add/2624801369/il_fullxfull.2624801369_bjv6.jpg,https://i.etsystatic.com/19409017/r/il/0febde/2624801871/il_fullxfull.2624801871_l0fz.jpg,https://i.etsystatic.com/19409017/r/il/97398c/2624802157/il_fullxfull.2624802157_d46c.jpg,https://i.etsystatic.com/19409017/r/il/ccef2b/2624802637/il_fullxfull.2624802637_e1qj.jpg,https://i.etsystatic.com/19409017/r/il/321221/2624802807/il_fullxfull.2624802807_3e6v.jpg,https://i.etsystatic.com/19409017/r/il/d91293/2624802615/il_fullxfull.2624802615_h420.jpg,https://i.etsystatic.com/19409017/r/il/e39b2a/2577148070/il_fullxfull.2577148070_7pks.jpg,Size,Size,"4x6,5x8.25,7.54x9.75",Colour,"Primary colour","Bronze,Red,Purple,Green,Grey,Gold,Black,Bordeaux,Brown,Silver,Blue","1gwLVVwmQVkod5zZ,ONoRaDN2wnrb0LP9v,nE5wYQNwRxnL47jo,aY7zQ4r8YNJoaLl7,LNVdQR8g50bpXWQ4j,5p8dlNP4kLvl3Pwq,7w2zpxNrjVJvZrygj,jEoWp4DaZ0M602NjD,790W2rQPWJqlb1yP,Wjqr67YwYlYgJzVD,NnNDaMRkDL5xlkz2,0an6DQd6jmo6zQgao,ro6qg1Rl7bWYE01k,zb948k1bQ5mvj307,QxONxDV27YRN1q7A,L1EOp7WbanLo8m3Lj,WpqELxV25mEVxb1J,Dv7Ag3o7wy5mnYz8,1Wd2R919R620xMa0,orWnpv7DpXlmOWjQ,ONnEzn8vQz1M277rp,04Exzg5jl9YlvjbQ,Dvbv72p1A97Q4PRY,ZlzLJJD2nzEwJYl0,xwNmNR29PRr8l3vR,0aJ5OdXya8xLQ738w,4E0D3Ep1AgrjrJ6n,LRpX6vb8D3x3NgMr,8y5qrZkaygPl4M0o,6NpLaZlZVW3d1dxj,P1xqMwym8vrz4QNpD,LXQmPrJEgrgk15jb,ZnLoXpO2DmwRVDq6"
"Father’s Day Leather Bookmark with Custom Text","Hand-dyed 3oz Veg-tanned leather bookmark with a Golf motif on the top. It is 16 cm long and 3.5 cm wide. You can engrave a name or text on the bookmark.",25,CAD,38,"fathers_day,father,dad,grandpa,new_moon_Technocraft,custom_bookmark,books,book_accessories,leather_book_mark,leather_bookmark,bookmark,gifts,personalize_gift",,https://i.etsystatic.com/19409017/r/il/681a0f/3130493929/il_fullxfull.3130493929_4zrm.jpg,https://i.etsystatic.com/19409017/r/il/b57a1d/3130493733/il_fullxfull.3130493733_bguh.jpg,https://i.etsystatic.com/19409017/r/il/918a0c/3082765482/il_fullxfull.3082765482_mf7j.jpg,https://i.etsystatic.com/19409017/r/il/167aa9/3130494135/il_fullxfull.3130494135_hmcc.jpg,https://i.etsystatic.com/19409017/r/il/2b3ceb/3130494217/il_fullxfull.3130494217_13ud.jpg,https://i.etsystatic.com/19409017/r/il/962e62/3130494377/il_fullxfull.3130494377_qm6o.jpg,,,,,,,,,,,
"Peony Customizable Leather Bookmark","Hand-dyed 3oz Veg-tanned Leather Peony bookmark. The dye colours are Gold and Bordeaux. It is 14.5 cm long and 3 cm wide.",25,CAD,40,"flower,peony,personalized,customized_bookmark,Nature_bookmark,accessories,books,book_accessories,leather_book_mark,leather_bookmark,bookmark,gifts",,https://i.etsystatic.com/19409017/r/il/6ea131/2407107995/il_fullxfull.2407107995_idq8.jpg,https://i.etsystatic.com/19409017/r/il/6961dd/2407108089/il_fullxfull.2407108089_ttt0.jpg,https://i.etsystatic.com/19409017/r/il/c8bea0/2407107859/il_fullxfull.2407107859_oo5x.jpg,,,,,,,,,,,,,,
"Dragon Customizable Leather Bookmark","Hand-dyed 3oz Veg-tanned Leather Dragon bookmark. The dye colours are Gold and Bordeaux. It is 16.5 cm long and 3.5 cm wide.",25,CAD,87,"dragon_bookmark,fantasy_gifts,dragon,personalized,customized_bookmark,books,book_accessories,leather_book_mark,leather_bookmark,bookmark,gifts,personalize_gift",,https://i.etsystatic.com/19409017/r/il/073dff/2983248813/il_fullxfull.2983248813_kibb.jpg,https://i.etsystatic.com/19409017/r/il/5e6023/2778851054/il_fullxfull.2778851054_ece8.jpg,https://i.etsystatic.com/19409017/r/il/1cf965/2778851078/il_fullxfull.2778851078_rwd5.jpg,https://i.etsystatic.com/19409017/r/il/d6290e/2826531179/il_fullxfull.2826531179_36v1.jpg,,,,,,,,,,,,,
"Camp Crystal Lake Leather Replica Key Fob","Hand dyed, hand stitched leather key ring. Laser etched Camp Crystal Lake Information. Personalization available on the back. Hand dyed vegetable tanned leather in bordeaux with black waxed thread stitching.",25,CAD,44,"camp_Crystal_Lake,Jason,Friday_the_13th,custom_leather,leather_keychain,Bates_Motel,horror,classic_horror,key_fob,key_ring,gifts,accessories_for_men,accessories_women",,https://i.etsystatic.com/19409017/r/il/317104/2953417672/il_fullxfull.2953417672_g37e.jpg,https://i.etsystatic.com/19409017/r/il/b164c6/2326440590/il_fullxfull.2326440590_pmvy.jpg,https://i.etsystatic.com/19409017/r/il/2c07bd/2953192866/il_fullxfull.2953192866_1u6q.jpg,https://i.etsystatic.com/19409017/r/il/a22cda/2374027355/il_fullxfull.2374027355_hov3.jpg,https://i.etsystatic.com/19409017/r/il/81de24/2326440438/il_fullxfull.2326440438_mqyw.jpg,https://i.etsystatic.com/19409017/r/il/a7349b/3000899891/il_fullxfull.3000899891_g6wu.jpg,https://i.etsystatic.com/19409017/r/il/ccea9d/2953192886/il_fullxfull.2953192886_lva0.jpg,https://i.etsystatic.com/19409017/r/il/dbefff/3000909189/il_fullxfull.3000909189_pwa9.jpg,https://i.etsystatic.com/19409017/r/il/d5bfd0/3000909179/il_fullxfull.3000909179_bur2.jpg,,,,,,,,
"Double Sided Family recipe cutting board, Grandma's Handwritten Recipe cutting board, custom cutting board, Mom's handwriting cutting board","Laser engraved bamboo cutting board to preserve your special family recipe. Available in 3 sizes: 11 inch x 14 inch (27.9 cm x 35.5 cm), 8 inch x 10 inch (20.3 cm x 13.9 cm), 8 inch x 5.5 inch (20.3 cm x 13.9 cm). One recipe on each side!


When sending your recipes for engraving PLEASE SCAN the recipe - the engraved result will be so much better!

I recommend this board for decorative use and not every day kitchen use. Absolutely do not put them in the dishwasher!",65,CAD,256,"engraved_recipe,moms_recipe,grandmas_recipe,recipe_cutting_board,family_heirloom,engraved,keepsake,bamboo_cutting_board,personalized_gift,custom_cutting_board,Gifts,Home_and_Dining,personalize_gift",Wood,https://i.etsystatic.com/19409017/r/il/a2d0cd/2017482687/il_fullxfull.2017482687_oafi.jpg,https://i.etsystatic.com/19409017/r/il/ad24a9/2017482525/il_fullxfull.2017482525_eqfp.jpg,https://i.etsystatic.com/19409017/r/il/9e87a3/1969930318/il_fullxfull.1969930318_n0zj.jpg,https://i.etsystatic.com/19409017/r/il/a06165/2017482751/il_fullxfull.2017482751_qzcq.jpg,,,,,,,Dimensions,Dimensions,"8 x 5.5,8 x 10,11 x 14",,,,"PV75q0kZNq188qRv,dwE56pgy628aYJdx,85vbvWp2agYlrWn0"
"Ghost Leather Bookmark With Custom Text","Hand-dyed 3oz Veg-tanned Leather bookmark. The dye colours are Silver, white and black. It is 15 cm long and 3 cm wide.",25,CAD,65,"ghost,Halloween_gift,book_club_gifts,fall_bookmark,Halloween,personalized,customized_bookmark,books,leather_book_mark,leather_bookmark,bookmark,custom_bookmark",,https://i.etsystatic.com/19409017/r/il/6924d4/3387293605/il_fullxfull.3387293605_i3gi.jpg,https://i.etsystatic.com/19409017/r/il/69534f/3339600058/il_fullxfull.3339600058_bqsq.jpg,https://i.etsystatic.com/19409017/r/il/5fb0bb/3380165623/il_fullxfull.3380165623_o8cl.jpg,https://i.etsystatic.com/19409017/r/il/d46d22/3387294209/il_fullxfull.3387294209_jnvn.jpg,https://i.etsystatic.com/19409017/r/il/f280c2/3339600696/il_fullxfull.3339600696_46ms.jpg,https://i.etsystatic.com/19409017/r/il/83c5a0/3387294323/il_fullxfull.3387294323_opw3.jpg,https://i.etsystatic.com/19409017/r/il/24d86e/3332471488/il_fullxfull.3332471488_s87k.jpg,,,,,,,,,,
"Customizable Daisy  Leather Bookmark","Hand-dyed 3oz Veg-tanned Leather Daisy bookmark. The dye colours are Gold and Bordeaux. It is 14.5 cm long and 3 cm wide.",25,CAD,44,"daisy,flower_bookmark,flower,personalized,customized_bookmark,Nature_bookmark,books,book_accessories,leather_book_mark,leather_bookmark,bookmark,gifts,personalize_gift",,https://i.etsystatic.com/19409017/r/il/11a9f0/2387953406/il_fullxfull.2387953406_nehb.jpg,https://i.etsystatic.com/19409017/r/il/fd301c/2435569709/il_fullxfull.2435569709_t1wc.jpg,https://i.etsystatic.com/19409017/r/il/ca5ef6/2387953186/il_fullxfull.2387953186_dihl.jpg,https://i.etsystatic.com/19409017/r/il/4ab00c/2435569887/il_fullxfull.2435569887_55zb.jpg,https://i.etsystatic.com/19409017/r/il/1fcf15/2435570049/il_fullxfull.2435570049_piuc.jpg,,,,,,,,,,,,
"Rose Customizable Leather Bookmark","Hand-dyed 3oz Veg-tanned Leather Peony bookmark. The dye colour is Bordeaux the rose is hand painted. It is 16 cm long and 4 cm wide.",25,CAD,38,"new_moon_technocraft,rose,flower,personalized,customized_bookmark,Nature_bookmark,accessories,books,book_accessories,leather_book_mark,leather_bookmark,bookmark,gifts",,https://i.etsystatic.com/19409017/r/il/3685a1/2960686366/il_fullxfull.2960686366_149x.jpg,https://i.etsystatic.com/19409017/r/il/398eac/3008393219/il_fullxfull.3008393219_bcuy.jpg,https://i.etsystatic.com/19409017/r/il/68de2e/3008393215/il_fullxfull.3008393215_2ov0.jpg,https://i.etsystatic.com/19409017/r/il/f717b1/3008393441/il_fullxfull.3008393441_hv33.jpg,https://i.etsystatic.com/19409017/r/il/b95308/3008393463/il_fullxfull.3008393463_8kcs.jpg,https://i.etsystatic.com/19409017/r/il/c3571f/3008393489/il_fullxfull.3008393489_tfq0.jpg,,,,,,,,,,,
"Custom Dog Hair Accessories Leather White Rabbit Corset Top Hat","Custom hair accessories for your adorable fluffy friend! Select the colour that you would like!",20,CAD,45,"dog_bow,dog_accessories,dog_hat,cute_dog,Pet_supplies,Pet_accessories,shih_tzu_hair_bow,dog_hair_bows,puppy_bow,yorkie_bow,maltese_bow,custom_dog_bow,alice_in_wonderland",,https://i.etsystatic.com/19409017/r/il/c0dc34/1835103039/il_fullxfull.1835103039_m9dt.jpg,https://i.etsystatic.com/19409017/r/il/7db535/1835103301/il_fullxfull.1835103301_j61b.jpg,,,,,,,,,,,,,,,
"Hydrangea Customizable Leather Journal Cover","Hand dyed, hand stitched leather notebook cover. Three sizes available- composition book, regular or pocket Moleskin size. Your choice of graphics and/or text on the front. Vegetable tanned leather hand dyed Bordeaux with waxed black stitching.",62,CAD,140,"hydrangea,self_care,personalized_journal,custom_bullet,leather_journal,leather_book_cover,office,planner,diary,gifts,accessories,bullet_journal,moleskin_cover",,https://i.etsystatic.com/19409017/r/il/d91293/2624802615/il_fullxfull.2624802615_h420.jpg,https://i.etsystatic.com/19409017/r/il/39d658/2577145744/il_fullxfull.2577145744_pl2k.jpg,https://i.etsystatic.com/19409017/r/il/2a021b/2582202730/il_fullxfull.2582202730_tmto.jpg,https://i.etsystatic.com/19409017/r/il/31e88d/2582202732/il_fullxfull.2582202732_alpu.jpg,https://i.etsystatic.com/19409017/r/il/302b3a/2629866061/il_fullxfull.2629866061_sy1b.jpg,,,,,,Size,Size,"4x6,5x8.25,7.54x9.75",,,,"L1gP5Q0R5qLvj3yQr,lN651Rm8V8O45Qlg,JQdX47v5Xpz53wlD"
"Witch Hat Leather Bookmark With Custom Text","Hand-dyed 3oz Veg-tanned Leather bookmark. The dye colours are Purple, black and Bordeaux. It is 15 cm long and 3 cm wide.",25,CAD,65,"witches_hat,witch,Halloween_gift,book_club_gifts,fall_bookmark,Halloween,personalized,customized_bookmark,books,leather_book_mark,leather_bookmark,bookmark,custom_bookmark",,https://i.etsystatic.com/19409017/r/il/74d2e9/3392340677/il_fullxfull.3392340677_exzr.jpg,https://i.etsystatic.com/19409017/r/il/5fb0bb/3380165623/il_fullxfull.3380165623_o8cl.jpg,https://i.etsystatic.com/19409017/r/il/cfc2d0/3392340645/il_fullxfull.3392340645_knkv.jpg,https://i.etsystatic.com/19409017/r/il/24d86e/3332471488/il_fullxfull.3332471488_s87k.jpg,https://i.etsystatic.com/19409017/r/il/b2ff17/3344645066/il_fullxfull.3344645066_lzuh.jpg,,,,,,,,,,,,
"Handmade Hardwood Handwritten Recipe cutting board, custom cutting board, Mom's/Grandma's handwriting cutting board","Laser engraved handmade maple cutting board to preserve your special family recipe. Available in sizes  8 inch x 10 inch (20.3 cm x 13.9 cm).

When sending your recipes for engraving PLEASE SCAN the recipe - the engraved result will be so much better!

I recommend this board for decorative use and not every day kitchen use. Absolutely do not put them in the dishwasher!",75,CAD,147,"engraved_recipe,moms_recipe,grandmas_recipe,recipe_cutting_board,family_heirloom,engraved,keepsake,bamboo_cutting_board,personalized_gift,custom_cutting_board,Kitchen,Gifts,Home_and_Dining",Wood,https://i.etsystatic.com/19409017/r/il/dfd450/2128463880/il_fullxfull.2128463880_9tve.jpg,https://i.etsystatic.com/19409017/r/il/a2d0cd/2017482687/il_fullxfull.2017482687_oafi.jpg,https://i.etsystatic.com/19409017/r/il/ad24a9/2017482525/il_fullxfull.2017482525_eqfp.jpg,https://i.etsystatic.com/19409017/r/il/9e87a3/1969930318/il_fullxfull.1969930318_n0zj.jpg,https://i.etsystatic.com/19409017/r/il/a06165/2017482751/il_fullxfull.2017482751_qzcq.jpg,,,,,,Dimensions,Dimensions,"11 x 14,8 x 10,8 x 5.5",,,,"LRDl9xRgQZWy7R99,ZL0q7M54J0NVNllo,qOMv1PM4jrl1M9a1"
"Leather Celtic Knot Coffee Sleeve","Protect your fingers in style with this celtic knot leather coffee sleeve. Fits most commercial take-out coffee cups. Vegetable tanned leather dyed Bordeaux with double capped antique brass rivet closures.",20,CAD,48,"Kitchen,Accessories,Cup_Holder,Gifts,Gifts_for_Men,Gifts_for_Teacher,Leather,Reusable,Celtic_knot,Coffee_sleeve,Home_and_Dining,Celtic,Custom",,https://i.etsystatic.com/19409017/r/il/f1086c/1753722202/il_fullxfull.1753722202_2qec.jpg,https://i.etsystatic.com/19409017/r/il/2432a3/1801175677/il_fullxfull.1801175677_9zxw.jpg,https://i.etsystatic.com/19409017/r/il/dbceac/1801183959/il_fullxfull.1801183959_mgm3.jpg,,,,,,,,,,,,,,
"Customizable Leather Bookmark Open Book  With Quote","Hand-dyed 3oz Veg-tanned Leather bookmark. The dye colours are Gold and Bordeaux. It is 14.5 cm long and 3 cm wide.",25,CAD,65,"book,quote,personalized,customized_bookmark,accessories,books,book_accessories,leather_book_mark,leather_bookmark,bookmark,gifts,custom_bookmark,literary",,https://i.etsystatic.com/19409017/r/il/c7398f/2252835606/il_fullxfull.2252835606_26m0.jpg,https://i.etsystatic.com/19409017/r/il/ed8b1e/2252835620/il_fullxfull.2252835620_paot.jpg,https://i.etsystatic.com/19409017/r/il/e4111a/2300435479/il_fullxfull.2300435479_4r6t.jpg,,,,,,,,,,,,,,
"Roses and Thorns Leather Bookmark with Custom Text","Hand-dyed 3oz Veg-tanned leather bookmark with Roses and Thorns drawing and your text in old English script. It is 16 cm long and 3.5 cm wide.",25,CAD,19,"roses,gothic,gothic_bookmark,witchy_things,custom_bookmark,customized_bookmark,books,book_accessories,leather_book_mark,leather_bookmark,bookmark,gifts,personalize_gift",,https://i.etsystatic.com/19409017/r/il/5bd58a/3407320090/il_fullxfull.3407320090_gj8a.jpg,https://i.etsystatic.com/19409017/r/il/6138d6/3407319830/il_fullxfull.3407319830_afda.jpg,https://i.etsystatic.com/19409017/r/il/e986d1/3454987417/il_fullxfull.3454987417_6jfr.jpg,https://i.etsystatic.com/19409017/r/il/b569d5/3407319850/il_fullxfull.3407319850_55r9.jpg,https://i.etsystatic.com/19409017/r/il/b58f65/3454987587/il_fullxfull.3454987587_3yhs.jpg,https://i.etsystatic.com/19409017/r/il/3639a0/3454987613/il_fullxfull.3454987613_75et.jpg,https://i.etsystatic.com/19409017/r/il/6d2c73/3407320128/il_fullxfull.3407320128_5zo5.jpg,https://i.etsystatic.com/19409017/r/il/f29767/3407319926/il_fullxfull.3407319926_avl1.jpg,https://i.etsystatic.com/19409017/r/il/359222/3454987835/il_fullxfull.3454987835_61jo.jpg,https://i.etsystatic.com/19409017/r/il/8950a7/3454987905/il_fullxfull.3454987905_dd6w.jpg,Colour,"Primary colour","Black,Blue,Bronze,Brown,Copper,Gold,Grey,Green,Pink,Purple,Red,Silver",,,,"vwJyXw3OWdg6DnkE,xRP4A9YrjwgqwgZL,9E8ZJR22YVXaq7xv,R9LzXzrr6Omb0aq7,vl67yqVo8E1dE5VR,NzWawzm2XPok4nja,y87RrpoZNEw67LElb,2bv1byj73dlDl9Xb,OX0LYbNaE6g42g87,2LXMLL4DnrN3lzyo,EDAa6ZExR5qN0mNR,nkMo0pVPNZapdYEy9"
"Moon Phase Leather Bookmark with Custom Text","Hand-dyed black 3oz Veg-tanned leather bookmark with moon phases cut out. It is 16 cm long and 3.5 cm wide. You can engrave a name or text at the top or the bottom.",25,CAD,550,"moon_phase_bookmark,witchy_things,moon_phase,moon,custom_bookmark,customized_bookmark,books,book_accessories,leather_book_mark,leather_bookmark,bookmark,gifts,personalize_gift",,https://i.etsystatic.com/19409017/r/il/18bbb7/2976888805/il_fullxfull.2976888805_82qc.jpg,https://i.etsystatic.com/19409017/r/il/df2b3b/2976889083/il_fullxfull.2976889083_nn3f.jpg,https://i.etsystatic.com/19409017/r/il/79e268/2929186120/il_fullxfull.2929186120_84cj.jpg,https://i.etsystatic.com/19409017/r/il/49f3e8/2929186254/il_fullxfull.2929186254_1x5c.jpg,https://i.etsystatic.com/19409017/r/il/1ed87a/2976889297/il_fullxfull.2976889297_mao9.jpg,https://i.etsystatic.com/19409017/r/il/ab6441/2976889307/il_fullxfull.2976889307_ih3x.jpg,https://i.etsystatic.com/19409017/r/il/2d202d/2976889417/il_fullxfull.2976889417_egfh.jpg,,,,Colour,"Primary colour","Purple,Gold,Grey,Bronze,Silver,Brown,Red,Copper,Black,Pink,Blue,Green",,,,"vwJyXw3OWdg6DnkE,NzWawzm2XPok4nja,y87RrpoZNEw67LElb,xRP4A9YrjwgqwgZL,nkMo0pVPNZapdYEy9,R9LzXzrr6Omb0aq7,vl67yqVo8E1dE5VR,2bv1byj73dlDl9Xb,OX0LYbNaE6g42g87,2LXMLL4DnrN3lzyo,EDAa6ZExR5qN0mNR,9E8ZJR22YVXaq7xv"
"Customizable Forget Me Not  Leather Bookmark","Hand-dyed 3oz Veg-tanned Leather Forget Me Not bookmark. The dye colours are Gold, Silver Blue and Bordeaux. It is 14.5 cm long and 3 cm wide.",25,CAD,17,"flower_bookmark,forget_me_not,flower,personalized,customized_bookmark,Nature_bookmark,accessories,books,book_accessories,leather_book_mark,leather_bookmark,bookmark,gifts",,https://i.etsystatic.com/19409017/r/il/20cba2/2407111549/il_fullxfull.2407111549_2ha2.jpg,https://i.etsystatic.com/19409017/r/il/072664/2359510494/il_fullxfull.2359510494_dldq.jpg,https://i.etsystatic.com/19409017/r/il/5b694b/2407111747/il_fullxfull.2407111747_on0h.jpg,,,,,,,,,,,,,,
"Lace and Roses Leather Journal Cover","This order was a custom design that I made for my daughter and then I made one in sketchbook cover format for myself! When I get an order for a custom cover I ask the customer what they are looking for. I then design an initial cover idea. I’ll send a digital proof and the customer provides feedback. I make changes and repeat the process until we have something that the customer LOVES. I then cut and engrave the leather, dye it, stitch (by hand), finish the edges and protect it. Three sizes available - composition book, regular or pocket Moleskin size. If I don't offer your size ask! I make my own patterns. Your choice of graphics and/or text on the front. Vegetable tanned leather hand your choice of colour with waxed black stitching.",62,CAD,1480,"book_of_shadows,gothic,lace,roses,personalized_journal,leather_journal,leather_book_cover,planner,diary,bullet_journal,personalize_gift,gothic_journal,gothic_planner",,https://i.etsystatic.com/19409017/r/il/aa8eb4/3398900927/il_fullxfull.3398900927_7d0e.jpg,https://i.etsystatic.com/19409017/r/il/c3db62/3398900945/il_fullxfull.3398900945_9tsf.jpg,https://i.etsystatic.com/19409017/r/il/d11446/3351203308/il_fullxfull.3351203308_j01s.jpg,https://i.etsystatic.com/19409017/r/il/dea8a0/3351203440/il_fullxfull.3351203440_qxaa.jpg,https://i.etsystatic.com/19409017/r/il/39d658/2577145744/il_fullxfull.2577145744_pl2k.jpg,https://i.etsystatic.com/19409017/r/il/c9a960/3398901109/il_fullxfull.3398901109_8m0h.jpg,https://i.etsystatic.com/19409017/r/il/2d979b/3398901131/il_fullxfull.3398901131_7huu.jpg,https://i.etsystatic.com/19409017/r/il/7ecca7/3351203574/il_fullxfull.3351203574_kzbc.jpg,https://i.etsystatic.com/19409017/r/il/611c33/3351203604/il_fullxfull.3351203604_t6iv.jpg,https://i.etsystatic.com/19409017/r/il/6eb405/3351203622/il_fullxfull.3351203622_ajg0.jpg,Size,Size,"4x6,5x8.25,7.54x9.75",Colour,"Primary colour","Black,Bordeaux,Blue,Bronze,Silver,Red,Purple,Green,Grey,Brown,Gold","WMzmyX1W2pOgd125,vAwjdPjxx1XlVmmA5,20dvLvxOVjjb7v6VY,3qw3gJr6nmJmL61Y,RmyZ6Oo83Ebx1AgQa,W8DNZAqo3En8zalJ2,6YL6RprqN53Jy1xjj,b5OO03pdDLPon6PWo,75d41VZRk3lDk1Ej,mqPbAnExX7zRVNREN,zjzJQQznEQQayVkkl,qYp4gb778Z6PNw10,oRONwNpOy71kb7mJ,1zgO3opkvo67b1bNY,2XPZYndAX35OrDrl,2qEDoXoyDxzrpm0N,gry4ppynMawl8Xay,ARXPkRDqNJQzQZvk,mgv8ErzPXn1j9o1E,Q7QdZPomVMk0nrvEM,31oLp78M62Ojd3ln,5d5YLd9NnRn3qb9b,jqX2yrR9APxrl31N,q0VbOpy6wrZo2wqvW,20jydRmp20pk8oMRb,E1orb2Pxao98g3W6,2ZPaJ71JR5QgW8Yl,pAZx95PM2A12bXPg,kd3JpOREmAVJ34Zr,EVzO26OgoXMm7qJq,ALzoYW218PlMg5ad,4MarA4E2Amr7P4Ov,OVOopO0MqrzQ4zq7"
"Wolf Leather Journal Cover Fully Customizable","Hand dyed, hand stitched leather notebook cover. Three sizes available- composition book, regular or pocket Moleskin size. Your choice of graphics and/or text on the front. Vegetable tanned leather hand your choice of colour with waxed black stitching.",62,CAD,1352,"wolf,self_care,personalized_journal,custom_bullet,leather_journal,leather_book_cover,planner,gifts,bullet_journal,moleskin_cover,personalize_gift,morning_routine",,https://i.etsystatic.com/19409017/r/il/bf7a14/2659660425/il_fullxfull.2659660425_42ng.jpg,https://i.etsystatic.com/19409017/r/il/58ea70/2612001002/il_fullxfull.2612001002_hdlo.jpg,https://i.etsystatic.com/19409017/r/il/0f2953/2659660615/il_fullxfull.2659660615_88wz.jpg,https://i.etsystatic.com/19409017/r/il/65e51f/2612001206/il_fullxfull.2612001206_samc.jpg,https://i.etsystatic.com/19409017/r/il/75373d/2612001422/il_fullxfull.2612001422_479e.jpg,https://i.etsystatic.com/19409017/r/il/d402a4/2612001608/il_fullxfull.2612001608_8o7p.jpg,https://i.etsystatic.com/19409017/r/il/60d8c3/2612001782/il_fullxfull.2612001782_3jev.jpg,https://i.etsystatic.com/19409017/r/il/d48c0d/2659661757/il_fullxfull.2659661757_2bah.jpg,,,Size,Size,"4x6,5x8.25,7.54x9.75",Colour,"Primary colour","Blue,Bronze,Brown,Gold,Grey,Green,Purple,Red,Silver,Bordeaux,Black","QWMMQap3E3m2noZ8,q0WOpENr01XZqz4wQ,6Yg2nMLXLZPWx1yRQ,gn3oj3ZJw4aNbbb1,zqpmL17vm0DgVWp9b,5Ryn20mAomvnx3Xx,jyD316X9yjj9owOq,VnqZVknkg1zzglLP,jy5Y8pW7wYEL1yoR,RmDZmdXOQEaj18ENw,W49az876wlWgQowD,rondM3pROpEEobo3,Yko6WvPjQjpwJRZ0,VogDoMOnWMjqx3Nv,2j6mda5PY3ENDJgZ,nV2w3DlvLp8vNpzd,babv71429JoZzkkj,1Q8am6QOz3a24b78,AmbEgydQ9d3wJNQ1,wPn7E82JNVdD7r3z,ApqxddwzbYA0Mo4k,YlXLj8PEVgkZyE9x,mqOmOnXQ37p15Oz4N,w68NXym2boP6v4WV,kxkmomVY1bw1YjwNr,LXb3mQgJzkjL9P3A,lZYnxXMkElE4pPxg,Z6dl6qgpg0WO141d,Zz5yMNaqzxEJWxXW,Q7AzXONpak7R78AJ8,Zgq1xV0zjOn7Ywqk,AdJnW9Z8L6VxYnVL,2QE13aqNPzVJqxlb"
"Twin Peaks Hotel Leather Replica Key Fob","Hand dyed, hand stitched leather key ring. Laser etched Great Northern Hotel Information from Twin Peaks. Personalization available on the back. Hand dyed vegetable tanned leather in bordeaux with black waxed thread stitching.",25,CAD,38,"vintage_horror,great_northern_hotel,new_moon_technocraft,Twin_Peaks,custom_leather,leather_keychain,horror,classic_horror,key_fob,key_ring,gifts,accessories_for_men,accessories_women",,https://i.etsystatic.com/19409017/r/il/c2adfc/3060497613/il_fullxfull.3060497613_rnj9.jpg,https://i.etsystatic.com/19409017/r/il/6c1cac/3012789484/il_fullxfull.3012789484_2yid.jpg,https://i.etsystatic.com/19409017/r/il/b164c6/2326440590/il_fullxfull.2326440590_pmvy.jpg,https://i.etsystatic.com/19409017/r/il/911f79/3012789464/il_fullxfull.3012789464_4id2.jpg,https://i.etsystatic.com/19409017/r/il/81de24/2326440438/il_fullxfull.2326440438_mqyw.jpg,https://i.etsystatic.com/19409017/r/il/a22cda/2374027355/il_fullxfull.2374027355_hov3.jpg,https://i.etsystatic.com/19409017/r/il/2c07bd/2953192866/il_fullxfull.2953192866_1u6q.jpg,https://i.etsystatic.com/19409017/r/il/d5bfd0/3000909179/il_fullxfull.3000909179_bur2.jpg,https://i.etsystatic.com/19409017/r/il/a7349b/3000899891/il_fullxfull.3000899891_g6wu.jpg,https://i.etsystatic.com/19409017/r/il/34fe0c/3060497633/il_fullxfull.3060497633_m8eq.jpg,,,,,,,
"Customizable Name Leather Journal Cover With Lion","Hand dyed, hand stitched leather notebook cover. Three sizes available- composition book, regular or pocket Moleskin size. Your choice of graphics and/or text on the front. Vegetable tanned leather hand your choice of colour with waxed black stitching.",62,CAD,124,"personalized_journal,custom_bullet,leather_journal,leather_book_cover,office,stationary,planner,diary,accessories,bullet_journal,moleskin_cover,valentines_gift,leather_gift",,https://i.etsystatic.com/19409017/r/il/ccef2b/2624802637/il_fullxfull.2624802637_e1qj.jpg,https://i.etsystatic.com/19409017/r/il/2144f0/2624801117/il_fullxfull.2624801117_i3ql.jpg,https://i.etsystatic.com/19409017/r/il/39d658/2577145744/il_fullxfull.2577145744_pl2k.jpg,https://i.etsystatic.com/19409017/r/il/b88add/2624801369/il_fullxfull.2624801369_bjv6.jpg,https://i.etsystatic.com/19409017/r/il/0febde/2624801871/il_fullxfull.2624801871_l0fz.jpg,https://i.etsystatic.com/19409017/r/il/97398c/2624802157/il_fullxfull.2624802157_d46c.jpg,https://i.etsystatic.com/19409017/r/il/321221/2624802807/il_fullxfull.2624802807_3e6v.jpg,https://i.etsystatic.com/19409017/r/il/d91293/2624802615/il_fullxfull.2624802615_h420.jpg,https://i.etsystatic.com/19409017/r/il/e39b2a/2577148070/il_fullxfull.2577148070_7pks.jpg,,Size,Size,"7.54x9.75,4x6,5x8.25",,,,"7E35ZVxvpzgYaXpk,mYoj1JpP2QjLdoPN,YQRw5xzmbXq0mxn0"
"Customizable Celtic Dragon Knot Leather Bookmark Book Accessories","Hand-dyed 3oz Veg-tanned Leather  Celtic Dragon Knot bookmark. The dye colours are Gold and Bordeaux. It is 14.5 cm long and 3 cm wide.",25,CAD,35,"viking,Celtic_dragon,dragon,custom_bookmark,personalized,customized_bookmark,books,book_accessories,leather_book_mark,leather_bookmark,bookmark,gifts,personalize_gift",,https://i.etsystatic.com/19409017/r/il/a5a880/2154733600/il_fullxfull.2154733600_8b3d.jpg,https://i.etsystatic.com/19409017/r/il/ec95f5/2154733796/il_fullxfull.2154733796_f2ib.jpg,https://i.etsystatic.com/19409017/r/il/1b11a5/2202294511/il_fullxfull.2202294511_4wod.jpg,,,,,,,,,,,,,,
"Customizable Celtic Tree of Life Leather Bookmark Book Accessories","Hand-dyed 3oz Veg-tanned Leather  Celtic Tree of Life bookmark. The dye colours are Gold and Bordeaux. It is 14.5 cm long and 3 cm wide.",25,CAD,23,"custom_bookmark,tree_of_life,personalized,customized_bookmark,Nature_bookmark,accessories,books,Gifts_for_Teacher,book_accessories,leather_book_mark,leather_bookmark,bookmark,gifts",,https://i.etsystatic.com/19409017/r/il/fe6e21/2069991870/il_fullxfull.2069991870_a4ef.jpg,https://i.etsystatic.com/19409017/r/il/2f2877/2069991648/il_fullxfull.2069991648_c01e.jpg,https://i.etsystatic.com/19409017/r/il/b38c28/2117561333/il_fullxfull.2117561333_d7v5.jpg,https://i.etsystatic.com/19409017/r/il/02132d/2069991872/il_fullxfull.2069991872_lhh4.jpg,,,,,,,,,,,,,
"Customizable Ocean Leather Bookmark","Hand-dyed 3oz Veg-tanned Leather Ocean bookmark. The dye colours are Gold and Bordeaux. It is 14.5 cm long and 3 cm wide.",25,CAD,41,"waves,ocean,personalized,customized_bookmark,Nature_bookmark,accessories,books,book_accessories,leather_book_mark,leather_bookmark,bookmark,gifts",,https://i.etsystatic.com/19409017/r/il/59db51/2400470580/il_fullxfull.2400470580_bqrw.jpg,https://i.etsystatic.com/19409017/r/il/b0dbd0/2448102025/il_fullxfull.2448102025_dm6o.jpg,https://i.etsystatic.com/19409017/r/il/7d61fb/2448102069/il_fullxfull.2448102069_qbu5.jpg,,,,,,,,,,,,,,
"Dragon Cable wrap, Cord holder, Cord keeper, Cord taco, Cord management, Cord organizer, Cord wrap, Wire management, Wire organizer, Cable t","Keep your cords in order with this handmade wrap. When it is done up it looks like it is sticking it’s tongue out at you!",17,CAD,500,"dragon,cord_management,accessories,tech_accessories,headphone_wrap,cute,leather_cord_wrap,gifts_for_teens,gifts,cord_organization,leather_cable_holder,cable_organization,headphone_organizer",,https://i.etsystatic.com/19409017/r/il/e6cbfb/2024375671/il_fullxfull.2024375671_557y.jpg,https://i.etsystatic.com/19409017/r/il/c70252/1976821354/il_fullxfull.1976821354_h33r.jpg,,,,,,,,,Colour,"Primary colour","Black,Brown,Gold,Silver,Medium Brown,Blue,Green,Pink,Purple,Red",,,,"nLgVwWA5rL6O96wo,1j9a60krPmNa7Av7,Y10311Om1W8JbnXJ,VgjN7brM5XpE8vY9,2NxYyZ4L32MvNxRy,dQ3JMrMl65PjyEvz,68z0DdxnPAOEaEvy,Q67n98zQAyg4R0R3,yOaA590bodq1oJmW,zaDa3PprXrDln55d"
"Leather Journal Cover Celtic Tree of Life Customizable","Beautifully engraved Celtic Tree of Life leather journal cover. The cover is hand dyed and hand stitched. Your choice of three set sizes available- regular or pocket Moleskin size as well as composition notebook size. Contact me for custom sizes - I make all of my patterns so a custom size is possible. Your choice of graphics and/or text on the front. Your cover is made from 3-4 oz vegetable tanned leather hand dyed in your choice of colour with waxed black stitching.",62,CAD,1597,"leather_journal,leather_book_cover,planner,celtic_knot,bullet_journal,moleskin_cover,travel_journal,personalized_journal,composition_notebook,custom_notebook,sketchbook_cover,personalize_gift,morning_routine",,https://i.etsystatic.com/19409017/r/il/509d31/2261080399/il_fullxfull.2261080399_ct0v.jpg,https://i.etsystatic.com/19409017/r/il/5403cd/2261081299/il_fullxfull.2261081299_ec51.jpg,https://i.etsystatic.com/19409017/r/il/8cb0c1/2261081515/il_fullxfull.2261081515_ijyo.jpg,https://i.etsystatic.com/19409017/r/il/41c9da/2213485026/il_fullxfull.2213485026_gv10.jpg,https://i.etsystatic.com/19409017/r/il/33b081/2213485326/il_fullxfull.2213485326_a20x.jpg,,,,,,Size,Size,"4x6,7.5x9.75,5x8.25",Colour,"Primary colour","Black,Bordeaux (pictured),Silver,Red,Copper,Bronze,Blue,Pink,Green,Grey,Gold,Purple,Brown","kA4r3nr20PO2pALM,2788rb9vMmDO7DZl,2R9ZggQqJgMkOrjq,1zgmyqlP9O21naJ0v,QnJM4n34nYy00W3A,WME47JpYrZXbNN24,Vk02OV8nZnm1jPzQ,lp94XWdOXRMo14YE,P129WPd04Qd0gkLzx,A4Rd7DOPyoPX25E7L,6NNg8dJ3qVxxVlNj,2VN3AVw2OJvNxoEN,gXxzn8woNDJlyJry,VMaM67x1QrYR7QWM,l686m38YY2rx2dP7N,ARlQDXbNDa3Ml59k,YPXalqAN3n1EaNnO,wbX8AnWz0r69aYvp,zp68ND5Wl2a9bQrd,3lX3DAa2Mzq3678n0,R2NvyMoRJ1E2DkP1,yWm44bVm0mE733mW,5MPZdkm3QLDoqE2N,3X7bM4VvPQaP7JVdq,V04mWXV7O7NEZDMq,Akkwa263E21V4dQ1,rAAblMx7m55zNX8v,J1EmYbXdmp0dZ5V9,O2lW03zLZzml1JaN,EQk5gDpAw9AEyjy1,A6nQ2W7knVl3PyW1,6yMwQQmW2na2lRpz,8RY3bnngzYJgNLnL,Y1Y2n7PAq8LWO7yQ,5PoaO6lQjwp0gxEw,61gmN9arOMZrgOlj,j8wOdmY2X8da5oOD,6YlE9zxXVN5N2gdWn,P0Md1qLA067aMDmW"
"Death Head Hawkmoth Leather Journal Cover","This order was a custom design that I made for my daughter and then I made one in sketchbook cover format for myself! When I get an order for a custom cover I ask the customer what they are looking for. I then design an initial cover idea. I’ll send a digital proof and the customer provides feedback. I make changes and repeat the process until we have something that the customer LOVES. I then cut and engrave the leather, dye it, stitch (by hand), finish the edges and protect it. Three sizes available - composition book, regular or pocket Moleskin size. If I don't offer your size ask! I make my own patterns. Your choice of graphics and/or text on the front. Vegetable tanned leather hand your choice of colour with waxed black stitching.",62,CAD,64,"death_head_hawkmoth,book_of_shadows,gothic,personalized_journal,custom_bullet,leather_journal,leather_book_cover,planner,bullet_journal,moleskin_cover,personalize_gift,gothic_diary,gothic_planner",,https://i.etsystatic.com/19409017/r/il/168069/3373616748/il_fullxfull.3373616748_8f67.jpg,https://i.etsystatic.com/19409017/r/il/39d2f0/3421291599/il_fullxfull.3421291599_mzqc.jpg,https://i.etsystatic.com/19409017/r/il/56ff86/3421291601/il_fullxfull.3421291601_pacr.jpg,https://i.etsystatic.com/19409017/r/il/39d658/2577145744/il_fullxfull.2577145744_pl2k.jpg,https://i.etsystatic.com/19409017/r/il/6f0f03/3421291689/il_fullxfull.3421291689_rvs8.jpg,https://i.etsystatic.com/19409017/r/il/56aaa2/3421291693/il_fullxfull.3421291693_pikx.jpg,https://i.etsystatic.com/19409017/r/il/716e2d/3373616876/il_fullxfull.3373616876_hxix.jpg,https://i.etsystatic.com/19409017/r/il/db9555/3421291805/il_fullxfull.3421291805_dwxe.jpg,https://i.etsystatic.com/19409017/r/il/e63d94/3421291809/il_fullxfull.3421291809_j0eg.jpg,,Size,Size,"4x6,5x8.25,7.54x9.75",Colour,"Primary colour","Black,Blue,Bronze,Brown,Gold,Grey,Green,Purple,Red,Silver,Bordeaux","5d5YLd9NnRn3qb9b,20dvLvxOVjjb7v6VY,q0VbOpy6wrZo2wqvW,b5OO03pdDLPon6PWo,75d41VZRk3lDk1Ej,mqPbAnExX7zRVNREN,qYp4gb778Z6PNw10,oRONwNpOy71kb7mJ,1zgO3opkvo67b1bNY,2XPZYndAX35OrDrl,2ZPaJ71JR5QgW8Yl,2qEDoXoyDxzrpm0N,pAZx95PM2A12bXPg,mgv8ErzPXn1j9o1E,EVzO26OgoXMm7qJq,4MarA4E2Amr7P4Ov,OVOopO0MqrzQ4zq7,WMzmyX1W2pOgd125,vAwjdPjxx1XlVmmA5,jqX2yrR9APxrl31N,3qw3gJr6nmJmL61Y,RmyZ6Oo83Ebx1AgQa,W8DNZAqo3En8zalJ2,6YL6RprqN53Jy1xjj,20jydRmp20pk8oMRb,zjzJQQznEQQayVkkl,E1orb2Pxao98g3W6,kd3JpOREmAVJ34Zr,gry4ppynMawl8Xay,ARXPkRDqNJQzQZvk,Q7QdZPomVMk0nrvEM,31oLp78M62Ojd3ln,ALzoYW218PlMg5ad"
"Customizable Red Panda Leather Bookmark","Hand-dyed 3oz Veg-tanned Leather Red Panda bookmark. The dye colours are Gold and Bordeaux. It is 14.5 cm long and 3 cm wide.",25,CAD,20,"red_panda_bookmark,cute_bookmark,red_panda,personalized,customized_bookmark,Nature_bookmark,accessories,books,book_accessories,leather_book_mark,leather_bookmark,bookmark,gifts",,https://i.etsystatic.com/19409017/r/il/9bfc0c/2410637306/il_fullxfull.2410637306_hi5t.jpg,https://i.etsystatic.com/19409017/r/il/976a44/2410637134/il_fullxfull.2410637134_jypd.jpg,https://i.etsystatic.com/19409017/r/il/c002f1/2458262155/il_fullxfull.2458262155_6dzy.jpg,,,,,,,,,,,,,,
"Bates Motel Leather Replica Key Fob","Hand dyed, hand stitched leather key ring. Laser etched Bates Motel Information. Personalization available on the back. Hand dyed vegetable tanned leather in bordeaux with black waxed thread stitching.",25,CAD,48,"custom_leather,leather_keychain,Alfred_Hitchcock,Hitchcock_movies,Bates_Motel,horror,classic_horror,psycho,key_fob,key_ring,gifts,accessories_for_men,accessories_women",,https://i.etsystatic.com/19409017/r/il/a459a9/2374027253/il_fullxfull.2374027253_5gli.jpg,https://i.etsystatic.com/19409017/r/il/81de24/2326440438/il_fullxfull.2326440438_mqyw.jpg,https://i.etsystatic.com/19409017/r/il/b164c6/2326440590/il_fullxfull.2326440590_pmvy.jpg,https://i.etsystatic.com/19409017/r/il/a22cda/2374027355/il_fullxfull.2374027355_hov3.jpg,https://i.etsystatic.com/19409017/r/il/2c07bd/2953192866/il_fullxfull.2953192866_1u6q.jpg,https://i.etsystatic.com/19409017/r/il/a7349b/3000899891/il_fullxfull.3000899891_g6wu.jpg,https://i.etsystatic.com/19409017/r/il/ccea9d/2953192886/il_fullxfull.2953192886_lva0.jpg,,,,,,,,,,
"Celtic Knot Leather Keyring Viking Key Fob","Hand dyed, hand stitched leather key ring. Laser etched celtic knot or Initials. Hand dyed vegetable tanned leather in bordeaux with black waxed thread stitching.",25,CAD,20,"monogram,Celtic_knot,key_fob,key_ring,gifts,gifts_for_teens,gifts_for_groomsmen,gifts_for_teacher,gifts_for_men,celtic,viking,accessories_for_men,accessories_women",,https://i.etsystatic.com/19409017/r/il/4d5492/2025435954/il_fullxfull.2025435954_2rxm.jpg,https://i.etsystatic.com/19409017/r/il/482227/2025435956/il_fullxfull.2025435956_g245.jpg,https://i.etsystatic.com/19409017/r/il/6ef289/2073037103/il_fullxfull.2073037103_btfm.jpg,https://i.etsystatic.com/19409017/r/il/3ebfc8/2025436018/il_fullxfull.2025436018_r0kx.jpg,,,,,,,,,,,,,
"Personalized Leather Journal Cover","When I get an order for a custom cover I ask the customer what they are looking for. I then design an initial cover idea. I’ll send a digital proof and the customer provides feedback. I make changes and repeat the process until we have something that the customer LOVES. I then cut and engrave the leather, dye it, stitch (by hand), finish the edges and protect it. Three sizes available - composition book, regular or pocket Moleskin size. If I don't offer your size ask! I make my own patterns. Your choice of graphics and/or text on the front. Vegetable tanned leather hand your choice of colour with waxed black stitching.",57,CAD,1515,"personalized_journal,custom_bullet,leather_journal,leather_book_cover,stationary,planner,diary,bullet_journal,moleskin_cover,personalize_gift,valentines_gift,personalized_gift,bible_cover",,https://i.etsystatic.com/19409017/r/il/6bb687/2905513587/il_fullxfull.2905513587_fc4d.jpg,https://i.etsystatic.com/19409017/r/il/54ffac/2905502333/il_fullxfull.2905502333_1sij.jpg,https://i.etsystatic.com/19409017/r/il/56586a/2857816512/il_fullxfull.2857816512_5yhi.jpg,https://i.etsystatic.com/19409017/r/il/34637e/2857794766/il_fullxfull.2857794766_o4g1.jpg,https://i.etsystatic.com/19409017/r/il/b88add/2624801369/il_fullxfull.2624801369_bjv6.jpg,https://i.etsystatic.com/19409017/r/il/e39b2a/2577148070/il_fullxfull.2577148070_7pks.jpg,https://i.etsystatic.com/19409017/r/il/39d658/2577145744/il_fullxfull.2577145744_pl2k.jpg,https://i.etsystatic.com/19409017/r/il/93325e/2857794790/il_fullxfull.2857794790_im5s.jpg,https://i.etsystatic.com/19409017/r/il/1f0f1f/2905464127/il_fullxfull.2905464127_f8j2.jpg,https://i.etsystatic.com/19409017/r/il/1b942d/2905464145/il_fullxfull.2905464145_ts2c.jpg,Size,Size,"7.54x9.75,5x8.25,4x6",Colour,"Primary colour","Black,Gold,Bronze,Blue,Brown,Bordeaux,Silver,Grey,Green,Red,Purple","kZak1ppL9LEkX4dO,wDrpd4Nb1Yl0gXWz,kXM3QLQOD44VEOdV,D7Qr161Jlwm592mY,Wbg9jXlMwL2j3RJr,aoXMMmnlmRJoV31g7,6Xn5jyXyb6W8z4DE,098QEEAzxQxQoxpd,VV8j5Mv46RQr25jy,4qA8Zgam87W1kzJa,ao57V1772nLYQDmdL,2jdpPJomJ8bWPO7N,np7Xjwvp04AqmLLW,zRZ575nrVgnqJVRv,5lDaEzXp1g43RNP4q,DvQOnaXJkLND1Vd2,226RwqOldryjRMxp,6NZP5L1bjEV9xA3k,x2401vj8NXym5Wl5,RmmRknA9vQWqkVyvL,EvlaEkpDXoD5wVVk,wjDR17VqxDxWz5oNp,7p3ywMWNpwQ5ADZR,vpxV9ojx6gqDjRk5,wonRY1yXaVVp1LAE,kzLYPDJl095bvNMQ,qqn9pPAl3l7W7oq0,D2Wj1vLj2qVbqanpP,L8m1Rw4yvrpoQkX3,AdVXE8n4ZJbAA6Wk,03m4mWnanoj9q4Yd,MDwW8EPvoPMxbkVL,ppq1od8ZQZLvb7kQ"
"Slim Leather Card Holder Alice in Wonderland Minimalist Wallet","Hand dyed, hand stitched leather card holder with a key ring. Pockets holds up to 4 cards. Back pocket holds up to 4 cards. Hand dyed vegetable tanned leather in Silver Blue with Steel Grey waxed thread stitching.",45,CAD,10,"literary_accessories,wonderland_accessory,leather_wallet,leather_cardholder,wonderland_Wallet,down_the_Rabithole,Alice_in_Wonderland,card_Wallet,minimalist_Wallet,gifts,card_holder,bus_pass_holder,accessories_women",,https://i.etsystatic.com/19409017/r/il/5a1c3f/2134547969/il_fullxfull.2134547969_9vce.jpg,https://i.etsystatic.com/19409017/r/il/417af3/2086985396/il_fullxfull.2086985396_q1ke.jpg,https://i.etsystatic.com/19409017/r/il/0f3f76/2134547939/il_fullxfull.2134547939_86yb.jpg,https://i.etsystatic.com/19409017/r/il/01aded/2086985608/il_fullxfull.2086985608_mevl.jpg,,,,,,,,,,,,,
"Dice Sword Leather Bookmark with Custom Text","Hand-dyed black 3oz Veg-tanned leather bookmark with a Dice sword. It is 16 cm long and 3.5 cm wide. You can engrave a name or text on the bookmark.",25,CAD,44,"dungeons_and_dragons,DnD,dice,D20,new_moon_Technocraft,custom_bookmark,books,book_accessories,leather_book_mark,leather_bookmark,bookmark,gifts,personalize_gift",,https://i.etsystatic.com/19409017/r/il/b3960a/3089158741/il_fullxfull.3089158741_isyk.jpg,https://i.etsystatic.com/19409017/r/il/9c3457/2993572106/il_fullxfull.2993572106_tcci.jpg,https://i.etsystatic.com/19409017/r/il/e046df/2993572066/il_fullxfull.2993572066_q9id.jpg,https://i.etsystatic.com/19409017/r/il/ef4571/2993572292/il_fullxfull.2993572292_kkpu.jpg,https://i.etsystatic.com/19409017/r/il/2eff37/2993572314/il_fullxfull.2993572314_nxtv.jpg,https://i.etsystatic.com/19409017/r/il/4ec078/2993572324/il_fullxfull.2993572324_dw9x.jpg,https://i.etsystatic.com/19409017/r/il/1b892a/3041283071/il_fullxfull.3041283071_tqol.jpg,https://i.etsystatic.com/19409017/r/il/8f657b/3041283081/il_fullxfull.3041283081_n0b8.jpg,,,,,,,,,
"Mushroom Customizable Leather Bookmark","Hand-dyed 3oz Veg-tanned Leather  Celtic Knot with Initial bookmark. The dye colours
 are Gold and Bordeaux. It is 18.5 cm long and 3.5 cm wide.",25,CAD,45,"nature_bookmark,mushroom_bookmarks,mushroom,custom_bookmark,personalized,customized_bookmark,books,book_accessories,leather_book_mark,leather_bookmark,bookmark,personalize_gift",,https://i.etsystatic.com/19409017/r/il/737dac/2983240877/il_fullxfull.2983240877_absn.jpg,https://i.etsystatic.com/19409017/r/il/9d7d00/2957100223/il_fullxfull.2957100223_idga.jpg,https://i.etsystatic.com/19409017/r/il/c020f2/2957100177/il_fullxfull.2957100177_59zs.jpg,https://i.etsystatic.com/19409017/r/il/ef4ef5/2909411906/il_fullxfull.2909411906_6992.jpg,https://i.etsystatic.com/19409017/r/il/a5ef38/2957100439/il_fullxfull.2957100439_l0f3.jpg,https://i.etsystatic.com/19409017/r/il/ecbf65/2957100587/il_fullxfull.2957100587_k4rn.jpg,https://i.etsystatic.com/19409017/r/il/5726ae/2957100637/il_fullxfull.2957100637_cvji.jpg,,,,,,,,,,
"Slim Leather Keyring Card Holder Attach to Chain or Strap","Hand dyed, hand stitched leather card holder with a key ring. Front pocket holds up to 3 cards. Back pocket holds up to 3 cards. Hand dyed vegetable tanned leather in bordeaux with black waxed thread stitching.",43,CAD,9,"key_ring,gifts,gifts_for_teens,gifts_for_groomsmen,gifts_for_teacher,gifts_for_men,celtic,viking,celtic_know,card_holder,bus_pass_holder,accessories_for_men,accessories_women",,https://i.etsystatic.com/19409017/r/il/6bdf04/1999422613/il_fullxfull.1999422613_hytl.jpg,https://i.etsystatic.com/19409017/r/il/9176b7/1999417605/il_fullxfull.1999417605_srdg.jpg,https://i.etsystatic.com/19409017/r/il/88e964/1999417541/il_fullxfull.1999417541_h2aa.jpg,https://i.etsystatic.com/19409017/r/il/dec9e6/1951884540/il_fullxfull.1951884540_pyf6.jpg,https://i.etsystatic.com/19409017/r/il/230501/1999417667/il_fullxfull.1999417667_ofhl.jpg,,,,,,,,,,,,
"Death's-head Hawkmoth Customizable  Leather Bookmark","Hand-dyed 3oz Veg-tanned LeatherDeath's-head Hawkmoth bookmark. The dye colours are Gold and Bordeaux. It is 14.5 cm long and 3 cm wide.",25,CAD,29,"personalized,customized_bookmark,books,leather_book_mark,leather_bookmark,bookmark,gifts,silence_of_the_lambs,Deaths_head_hawkmoth,moth_bookmark,personalize_gift,valentines_gift,leather_gift",,https://i.etsystatic.com/19409017/r/il/9d69af/2213497326/il_fullxfull.2213497326_azci.jpg,https://i.etsystatic.com/19409017/r/il/957ae6/2261094177/il_fullxfull.2261094177_o328.jpg,https://i.etsystatic.com/19409017/r/il/b2226b/2261094339/il_fullxfull.2261094339_p4iv.jpg,https://i.etsystatic.com/19409017/r/il/37a2f8/2213497854/il_fullxfull.2213497854_gwt0.jpg,,,,,,,,,,,,,
"SVG File Leather Earrings Rose Stencil Collection For Glowforge Laser Cutter","An Instant Download of an SVG file.

All 9 designs are in the file, two cut objects for each earring - one with the rose stencil cutout and the other to provide the background.

PLEASE NOTE: This listing is for an INSTANT DOWNLOAD.

You are purchasing a DIGITAL CUT FILE. NO PHYSICAL PRODUCT will be mailed to you.

You can cut them on any cutting machine. Just be sure your cutting machine and software are compatible.

If you receive a damaged file, I will gladly exchange it for a new one or in another format. If you would like the files in another format or if you have any further questions, please do not hesitate to ask!

LICENSE
Commercial License is included with all purchases: This allows you cut up unlimited amount of the file you purchase from my store and sell them. You may NOT sell the digital file, you may sell just the items you cut.",6.63,CAD,99,"earring_pattern,leather_pattern,leather_earring_file,laser_cutter_file,SVG_download,glowforge_earrings,SVG_file,SVG_earrings,rose_earrings,rose_stencil,earring_file,glowforge,SVG_Glowforge",,https://i.etsystatic.com/19409017/r/il/a0c10d/2245210199/il_fullxfull.2245210199_12es.jpg,https://i.etsystatic.com/19409017/r/il/4b7b34/2197666386/il_fullxfull.2197666386_b0mk.jpg,https://i.etsystatic.com/19409017/r/il/50b0b7/2245210181/il_fullxfull.2245210181_ajpr.jpg,,,,,,,,,,,,,,
"Valentines Day Customizable Leather Bookmark Valentines Card Book Accessories","Hand-dyed 3oz Veg-tanned Leather Quote bookmark. The dye colours are Gold and Bordeaux. It is 14.5 cm long and 3 cm wide. Add your own quote or image!",25,CAD,63,"Valentines_Day,personalized,customized_bookmark,accessories,books,Gifts_for_Men,book_accessories,leather_book_mark,leather_bookmark,bookmark,gifts,valentines_gift,leather_gift",,https://i.etsystatic.com/19409017/r/il/a62000/2180362571/il_fullxfull.2180362571_szuw.jpg,https://i.etsystatic.com/19409017/r/il/b761f4/2132802038/il_fullxfull.2132802038_7qiy.jpg,https://i.etsystatic.com/19409017/r/il/7ea626/2132802538/il_fullxfull.2132802538_jtl3.jpg,https://i.etsystatic.com/19409017/r/il/bf5799/2132801738/il_fullxfull.2132801738_k63a.jpg,https://i.etsystatic.com/19409017/r/il/740f33/2180362109/il_fullxfull.2180362109_ywib.jpg,https://i.etsystatic.com/19409017/r/il/d7696e/2180362349/il_fullxfull.2180362349_isfi.jpg,https://i.etsystatic.com/19409017/r/il/623417/2180362905/il_fullxfull.2180362905_qh7b.jpg,,,,"Custom Property",Image,"Celtic Knot Heart,Alice Falling,My Own Image",,,,"b4RyyWdAvEMo7rVV,bYdMJVWMx1E9wPWx,Mol0M905NbzNxoM6"
"Customizable Anotomical Heart  Leather Journal Cover","Hand dyed, hand stitched leather notebook cover. Three sizes available- composition book, regular or pocket Moleskin size. Your choice to add text on the inside flaps. Vegetable tanned leather hand dyed black with waxed black stitching. Heart is highlighted metallic pewter.",62,CAD,145,"heart,anatomical_heart,personalized_journal,custom_bullet,leather_journal,leather_book_cover,stationary,planner,diary,gifts,accessories,bullet_journal,moleskin_cover",,https://i.etsystatic.com/19409017/r/il/0febde/2624801871/il_fullxfull.2624801871_l0fz.jpg,https://i.etsystatic.com/19409017/r/il/39d658/2577145744/il_fullxfull.2577145744_pl2k.jpg,,,,,,,,,Size,Size,"4x6,5x8.25,7.54x9.75",,,,"M47Q9lVJA38Y8Olr,xaa9z5qjxq3RN3Em,JvbmE03od4l66gdo"
"Personalized Leather Six Pocket Bifold Wallet","Hand dyed hand stitched bi fold wallet. Vegetable tanned leather hand dyed in light brown with black waxed thread stitching. Laser etched graphics of your choice complete the look. Design a special wallet with me!",97,CAD,1,"fantasy_wallet,hobbit,lord_of_the_rings,elves,leather,wallet,gifts,gifts_for_women,handmade,hand_dyed,lotr_wallet,dungeons_and_dragons,DnD_wallet",,https://i.etsystatic.com/19409017/r/il/4cb145/3468492732/il_fullxfull.3468492732_1qdd.jpg,https://i.etsystatic.com/19409017/r/il/695ded/2805183503/il_fullxfull.2805183503_7d2y.jpg,https://i.etsystatic.com/19409017/r/il/28465c/2805183615/il_fullxfull.2805183615_3h3p.jpg,https://i.etsystatic.com/19409017/r/il/4386b9/2805183699/il_fullxfull.2805183699_48cj.jpg,https://i.etsystatic.com/19409017/r/il/d77969/2805183819/il_fullxfull.2805183819_1n52.jpg,https://i.etsystatic.com/19409017/r/il/e4dbb1/2757490102/il_fullxfull.2757490102_f2k3.jpg,https://i.etsystatic.com/19409017/r/il/21bcc8/2805183921/il_fullxfull.2805183921_9n3l.jpg,,,,,,,,,,
"Sakura Leather Bookmark with Hand Painted Cherry Blossoms","Hand-dyed black 3oz Veg-tanned leather bookmark with hand painted cherry blossoms. It is 16 cm long and 3.5 cm wide.",25,CAD,47,"flower_bookmark,cherry_blossom,sakura,custom_bookmark,customized_bookmark,books,book_accessories,leather_book_mark,leather_bookmark,bookmark,gifts,personalize_gift",,https://i.etsystatic.com/19409017/r/il/36b586/2882539670/il_fullxfull.2882539670_dyp9.jpg,https://i.etsystatic.com/19409017/r/il/dd51cc/2930121079/il_fullxfull.2930121079_cbsx.jpg,https://i.etsystatic.com/19409017/r/il/daa6bc/2930121089/il_fullxfull.2930121089_b5t1.jpg,https://i.etsystatic.com/19409017/r/il/7fba8f/2882435700/il_fullxfull.2882435700_iate.jpg,https://i.etsystatic.com/19409017/r/il/c32e36/2882435698/il_fullxfull.2882435698_blff.jpg,https://i.etsystatic.com/19409017/r/il/1d903c/2882435682/il_fullxfull.2882435682_glbq.jpg,,,,,,,,,,,
"Father's Day Personalized Celtic Knot Leather Bookmark","Hand-dyed 3oz Veg-tanned Father's Day Celtic Knot bookmark. The children's names are set into the DAD text. Text can be changed to the name of your choice! The dye colour is Bordeaux. It is 14.5 cm long and 3 cm wide.",28,CAD,38,"personalized_gift,accessories,books,book_accessories,leather_book_mark,leather_bookmark,Viking_bookmark,celtic_knot,bookmark,father's_day_gift,father's_day,dad_bookmark,grandfather_gift",,https://i.etsystatic.com/19409017/r/il/35ed78/2825386784/il_fullxfull.2825386784_ermg.jpg,https://i.etsystatic.com/19409017/r/il/933cfc/2825386980/il_fullxfull.2825386980_ardq.jpg,https://i.etsystatic.com/19409017/r/il/547d8d/2873048747/il_fullxfull.2873048747_52m0.jpg,https://i.etsystatic.com/19409017/r/il/429cf7/2873049003/il_fullxfull.2873049003_7a49.jpg,https://i.etsystatic.com/19409017/r/il/484c2a/2873049203/il_fullxfull.2873049203_olds.jpg,,,,,,,,,,,,
"Customizable Cherry Blossom Leather Bookmark Book Accessories","Hand-dyed 3oz Veg-tanned Leather Cherry Blossom bookmark. The dye colours are Gold and Bordeaux. It is 14.5 cm long and 3 cm wide.",25,CAD,36,"cherry_blossom,personalized,customized_bookmark,Nature_bookmark,accessories,books,Gifts_for_Teacher,Gifts_for_Men,book_accessories,leather_book_mark,leather_bookmark,bookmark,gifts",,https://i.etsystatic.com/19409017/r/il/3574b0/1972107946/il_fullxfull.1972107946_ai1e.jpg,https://i.etsystatic.com/19409017/r/il/c07e68/1972107952/il_fullxfull.1972107952_ixk9.jpg,,,,,,,,,,,,,,,
"Cable wrap, Cord holder, Cord keeper, Cord taco, Cord management, Cord organizer, Cord wrap, Wire management, Wire organizer, Cable ties","Keep your cords in order with this handmade wrap. When it is done up it looks like it is sticking it’s tongue out at you!",17,CAD,500,"cord_management,accessories,tech_accessories,headphone_wrap,cute,leather_cord_wrap,gifts_for_teens,gifts,cord_organization,leather_cable_holder,cable_organization,headphone_organizer,bear",,https://i.etsystatic.com/19409017/r/il/532c4c/3397793047/il_fullxfull.3397793047_ctmy.jpg,https://i.etsystatic.com/19409017/r/il/19b174/1976819788/il_fullxfull.1976819788_qp1f.jpg,https://i.etsystatic.com/19409017/r/il/5a1be1/1976819820/il_fullxfull.1976819820_5cvm.jpg,https://i.etsystatic.com/19409017/r/il/81ece8/1821669907/il_fullxfull.1821669907_gqr7.jpg,https://i.etsystatic.com/19409017/r/il/ea21ac/1774216944/il_fullxfull.1774216944_6jcu.jpg,,,,,,Colour,"Primary colour","Black,Brown,Gold,Silver,Medium Brown,Blue,Green,Pink,Purple,Red",,,,"Pq5vE4YoRq9OZ318,qwV3oE0bDV8a4rNW,yyVob9R3a00ylJz3,N8AkNA8ANnQxamOa,Z1z6kp6mzQ8owWbk,3qo3pomx6L26rOO7,7lWyzRqpND7Pk25XE,avn7nwAPYAX32yRz,9zD7n95pgvY0J7XVv,V16jYXkjJPLO3rgy"
"Vintage Map Single Pocket Leather Card Holder Minimalist Wallet Slim Wallet","A handmade, hand dyed leather card wallet that can hold up to 5 cards, or 12-15 business cards. Vegetable tanned leather dyed Bordeaux with black waxed thread stitching.",37,CAD,3,"slim_wallet,minimalist_wallet,vintage_map,steampunk,gifts_for_men,gifts_for_groomsmen,gifts,card_holder,card_wallet,leather,accessories,celtic_knot,gifts_for_teacher",,https://i.etsystatic.com/19409017/r/il/e6ae9e/2086140212/il_fullxfull.2086140212_d1ut.jpg,https://i.etsystatic.com/19409017/r/il/34d60e/2133702613/il_fullxfull.2133702613_gt9f.jpg,https://i.etsystatic.com/19409017/r/il/a6549b/2086140204/il_fullxfull.2086140204_lpzq.jpg,https://i.etsystatic.com/19409017/r/il/aa5c84/2086140336/il_fullxfull.2086140336_1g3a.jpg,https://i.etsystatic.com/19409017/r/il/62bd74/2967327691/il_fullxfull.2967327691_enq4.jpg,https://i.etsystatic.com/19409017/r/il/f61beb/2919638876/il_fullxfull.2919638876_77g0.jpg,,,,,,,,,,,
"Sakura Love Leather Six Pocket Trifold Wallet","Hand dyed hand stitched hand painted trifold wallet. Vegetable tanned leather hand dyed in black and painted with leather paint with black waxed thread stitching. Hand painted flowers complete the look.",130,CAD,1,"love_kanji,hand_painted,trifold_wallet,sakura,cherry_blossom,new_moon_technocraft,leather,wallet,gifts,gifts_for_women,mens_accessories,handmade,hand_dyed",,https://i.etsystatic.com/19409017/r/il/985131/2998812685/il_fullxfull.2998812685_mfg4.jpg,https://i.etsystatic.com/19409017/r/il/cc94dc/2998812485/il_fullxfull.2998812485_b24r.jpg,https://i.etsystatic.com/19409017/r/il/f764f2/2951108040/il_fullxfull.2951108040_jovg.jpg,https://i.etsystatic.com/19409017/r/il/0f988d/2998812719/il_fullxfull.2998812719_a6w0.jpg,https://i.etsystatic.com/19409017/r/il/ed8afb/2951108262/il_fullxfull.2951108262_ql02.jpg,https://i.etsystatic.com/19409017/r/il/d4d100/2998812879/il_fullxfull.2998812879_ipy2.jpg,https://i.etsystatic.com/19409017/r/il/bddc43/2951108442/il_fullxfull.2951108442_8udz.jpg,,,,,,,,,,
"Custom Dog Hair Accessories Leather Bow","Custom hair accessories for your adorable fluffy friend! Select the colour that you would like and provide an image!",25,CAD,500,"custom_dog_bow,shih_tzu_bow,yorkie_bow,leather_dog_bow,dog_accessories,dog_hair_bow,leather_dog_hair_bow,puppy_bow,maltese_bow,pet_bow,pet_hair_accessories,custom_pet_bow,cute_dog_bow",,https://i.etsystatic.com/19409017/r/il/5005bf/1969151119/il_fullxfull.1969151119_bw06.jpg,https://i.etsystatic.com/19409017/r/il/8ff156/1969144809/il_fullxfull.1969144809_pz4u.jpg,https://i.etsystatic.com/19409017/r/il/3c7b54/1921600392/il_fullxfull.1921600392_bsia.jpg,https://i.etsystatic.com/19409017/r/il/361ff1/1969145049/il_fullxfull.1969145049_8osw.jpg,https://i.etsystatic.com/19409017/r/il/0c928c/1969151801/il_fullxfull.1969151801_h32d.jpg,https://i.etsystatic.com/19409017/r/il/59e46e/1921600596/il_fullxfull.1921600596_4ikw.jpg,,,,,Colour,"Primary colour","Blue,Brown,Gold,Green,Pink,Purple,Red,Silver,Black,Grey",,,,"WqQPnpVZw5pEjVN4,OX8Jvw9j2R87vPW7,87Q5mDV84PZLJ3OY,qJJO4zqq4QEmNMOv,wrQZNdoJ9byA32jv,vXpOQPpY2d387ODE,AyDAQY55kD5n13P1,m7ZwZkg5y3nmRAyE,L1Yqp3lw7082gMz7r,5lnL2nn4p0Jqpzbbw"
"Leather Customizable Patches","Your logo or anything you desire on a leather patch. I work with you to finalize the design before your patches are made. Vegetable tanned leather dyed in your choice of colour. Comes with or without stitch holes. If you want more than one the price changes with quantity. The initial patch is one price but the quantity price is different for increasing numbers.
1 - $15
up to 10 - $15 + $3 for each additional
Contact me for more prices.",20,CAD,142,"Accessories,Leather,Reusable,Celtic,Custom,custom_patch,leather_patch,logo_patch,leather_logo,personalized_patch,hat_patch,leather_beanie_patch,custom_hat",,https://i.etsystatic.com/19409017/r/il/1b2a6b/2259335517/il_fullxfull.2259335517_kwrq.jpg,https://i.etsystatic.com/19409017/r/il/fdf4a5/2261087623/il_fullxfull.2261087623_7by0.jpg,,,,,,,,,Colour,"Primary colour","Black,Blue,Bronze,Brown,Copper,Grey,Green,Pink,Purple,Red,Silver,Gold",,,,"x5yWn3MM6QyVv2MQ,mDLqkPYxgVAEdYd6,WELL3JQnvb23p1z2,b2yYwq8yYaxqJRjA,1YzLNg2nNND95927,PlAzRkvLm17pXWw8,57mN8WbwLglv4wME,2VwbJ5A847MVE37l,oq84yQvxgZ49W6Jl,dQDrkWvvPnjbDJyx,rLqE5Pm0JxA6nzEw,1DYmgRg1OabQQDN0"
"Sakura Single Pocket Leather Card Wallet","A handmade, hand painted, hand dyed leather card wallet that can hold up to 5 cards. Vegetable tanned leather dyed Black with a hand painted cherry blossoms and petals with black waxed thread stitching.",45,CAD,50,"personalized_gift,flower_wallet,flower_pattern,Sakura_wallet,cherry_blossom,sakura,new_moon_technocraft,gifts,card_holder,card_wallet,leather,accessories,womens_accessories",,https://i.etsystatic.com/19409017/r/il/610542/3223617469/il_fullxfull.3223617469_co62.jpg,https://i.etsystatic.com/19409017/r/il/257754/3175908742/il_fullxfull.3175908742_2ynx.jpg,https://i.etsystatic.com/19409017/r/il/a20c80/3175908920/il_fullxfull.3175908920_7ert.jpg,https://i.etsystatic.com/19409017/r/il/c738b1/3175908968/il_fullxfull.3175908968_hl25.jpg,https://i.etsystatic.com/19409017/r/il/4c26e4/3223617827/il_fullxfull.3223617827_l2w1.jpg,https://i.etsystatic.com/19409017/r/il/c03570/3175909118/il_fullxfull.3175909118_t2ki.jpg,https://i.etsystatic.com/19409017/r/il/16b7a3/3175909152/il_fullxfull.3175909152_gek7.jpg,,,,,,,,,,
"Clock and Butterflies Steampunk Leather Keyring Card Holder","Hand dyed, hand stitched leather card holder with a key ring. Laser etched celtic knot. Pocket holds 1 or 2 cards. Hand dyed vegetable tanned leather in bordeaux with black waxed thread stitching.",40,CAD,10,"leather_accessories,leather_card,leather_card_holder,steampunk,clock,butterfly,key_ring,gifts,gifts_for_teens,gifts_for_teacher,card_holder,bus_pass_holder,accessories_women",,https://i.etsystatic.com/19409017/r/il/e26500/1835879969/il_fullxfull.1835879969_6jfk.jpg,https://i.etsystatic.com/19409017/r/il/6cbb8e/1835880089/il_fullxfull.1835880089_3zty.jpg,https://i.etsystatic.com/19409017/r/il/6ec16c/1835880221/il_fullxfull.1835880221_ccsk.jpg,,,,,,,,,,,,,,
"Bows for Dogs - Mini 2"" - Steampunk Corset Hat - Real Leather Custom Dog Hair Bow","Custom hair accessories for your adorable fluffy friend! Select the colour that you would like!",20,CAD,490,"dog_bow,dog_accessories,dog_hat,cute_dog,Pet_supplies,Pet_accessories,shih_tzu_hair_bow,dog_hair_bows,puppy_bow,yorkie_bow,maltese_bow,custom_dog_bow,top_hat_for_dog",,https://i.etsystatic.com/19409017/r/il/e604fe/1819384265/il_fullxfull.1819384265_q64g.jpg,https://i.etsystatic.com/19409017/r/il/b5956d/1835105359/il_fullxfull.1835105359_tint.jpg,https://i.etsystatic.com/19409017/r/il/71293d/1819384309/il_fullxfull.1819384309_hbyb.jpg,https://i.etsystatic.com/19409017/r/il/ddce8d/1792007426/il_fullxfull.1792007426_5rbw.jpg,,,,,,,Colour,"Primary colour","Blue,Brown,Gold,Green,Pink,Purple,Red,Silver,Black,Grey",,,,"bw4DqrXV1Dwx1mpA,kA8Qrqavy30L2MPO,kgREXxQ8pkwNrvnx,370D84jXo5Yxp0W0,lpwaDZg9V3Q2bVEE,4l33VgM6wQRaWEda1,2awbJlRXgZ4Mq2ky,6QaRb5aWwNgO6wpQ,pQ9ypR6qRgYWlpZ9,ZVNYX3JZ3mNQ82Jr"
"Astrological sign Single Pocket Leather Card Holder Minimalist Galaxy Celestial Wallet","A handmade, hand dyed leather card wallet that can hold up to 5 cards. Vegetable tanned leather dyed Black with a hand painted galaxy inside with black waxed thread stitching.",45,CAD,48,"galaxy_wallet,celestial_wallet,sun_sign_wallet,astrology_wallet,gifts,card_holder,card_wallet,leather,accessories,celtic_knot,gifts_for_teacher,mens_accessories,womens_accessories",,https://i.etsystatic.com/19409017/r/il/a8c823/2133766625/il_fullxfull.2133766625_tal0.jpg,https://i.etsystatic.com/19409017/r/il/74ed0f/2133766743/il_fullxfull.2133766743_g8up.jpg,,,,,,,,,"Custom Property",Sign,"Capricorn,Aquarius,Sagittarius,Scorpio,Libra,Virgo,Leo,Cancer,Gemini,Taurus,Aries,Pisces",,,,"3QxLOavR4PxRJvqY,mQrp8dAamgX6Y8Zl,q1DNxkJv4YDy9zDR,VzQDRl8k57Qjzo8Q,21vdjdV8Ogna4RyN,lZaxxZ2qlV0k4yYE,MpM1dblD1RkvzDva,zlyWLJ3RQmJEEM87,VArgk21Y74bnaWZv,A4882plxE3L7zpxJk,gMZoqRlMJ8DoymvMz,v6QRqdlV9n890aA5"
"Astrological Sign Single Pocket Leather Card Holder","A handmade, hand dyed leather card wallet that can hold up to 5 cards. Vegetable tanned leather dyed Black with contrasting dye inside with black waxed thread stitching.",32,CAD,600,"color_block,witchy,constellation,astrology,celestial_wallet,sun_sign_wallet,astrology_wallet,gifts,card_holder,card_wallet,leather,accessories,womens_accessories",,https://i.etsystatic.com/19409017/r/il/6a5e89/2239554273/il_fullxfull.2239554273_90eh.jpg,https://i.etsystatic.com/19409017/r/il/aa22e2/2192006274/il_fullxfull.2192006274_lewg.jpg,https://i.etsystatic.com/19409017/r/il/ef3126/2239554277/il_fullxfull.2239554277_59rc.jpg,,,,,,,,"Custom Property",Sign,"Capricorn,Aquarius,Sagittarius,Scorpio,Libra,Virgo,Leo,Cancer,Gemini,Taurus,Aries,Pisces","Secondary colour","Secondary colour","Black,Blue,Purple,Pink,Red,Silver,Green,Gold,Copper,Brown","2p6J49vwPXWVam98,Nk4Wbj65oLNpDmYk,pgpON3JVO3oVorp5,bYZE3AYXYp7p248o,yoRY49rPP2AvJkLO,vwrbX8Ql0MDNmR36,OZkrz3XQobX66Rgb,rQqvDDPv17XPOl93,L7rQ4loPN3kLJED9,DPWR7PN3oD6WvpdP,daNz7nk1q5J8nXNW,9QnNZkpX85QX4bR3,Xvp3Jg11OxXOobPX,mnXD47V8ZDlPx5OE,bL5qaRbnxR9z6zNQd,XEAay8RRVoddjZOy,gVLDmQnEmLn5XQ9k,W84L5kDD40zpOAQ6z,wjwdzaOxNrJVwP797,zvLpyZ809L6bqbOL,MP9NqJaNYLy3gOo7E,oEAMOyr07a3wbn1EJ,RzY3oNzJmO2azon3,Mvdxp3Y97EbnQkRa,JN83n7gXblRMDQbm,ovPMP1jjOaY9R4jN,7bMl2ZQwmWvrJYdm,gVNpnpNrLp1YnAEz,xyl2ldPADaDby8VO,gJyyMm3Nxpwal0xy,Zy750V8lQrjxkvbr,5lJz5MoyVnDm6Nqx4,Y1mwZY2nyrQ25Ax0,D2ZPP01koW8VxAYmP,8a87DznElNkx7RPo,L9g82aVWXaVJlnlA,pA0nW8mNL2ZnWpYa,DYX5PN8ZpRXogm98,ggy2D7743vlnO4LN,8LDEMqbE1nazzqd0,mAqylEARz4qvR7r1,Ak6ANV7VmPLojJ8b,Z9ZMW9YJ6ykqP5oO,W7v9vpaz4WOPO5nJ,xAo55v1WJ7dyYljr,V8O5zoj7R2EQEwjj,PDW54aDwwb7dE8Px,78Q0zqEoa6wmOwy0,9jQv964lpdyyrAEl,rj55yjZJQ2x7EN73,bA0zMolvL43PxL9w,x7DZWZNw3bzlOW0O,3NlR7gDWN8MlObPw,yyQ6AyvmggzlmlXA,RgOwL6RWnr8EoNgw,VwW37z21AEZDbzWX,A4Yp8Y3YDNWMNOL91,J1LyqAVX3aRkmnRw,AdJgp3mVv4yJmJM4,ao71DzWpa35bV3yn9,zJaqJX9lDkD584JX,AlWN3YooX75vAEYlk,lbm95orxD6E3PP3pP,jOxlWlL3oWZx16gR,a9x41JMM15NLnnzdW,J42yN1N2MMNbbYkb,LLNboYqZVblQYoX1,NNpO5VYRNmd3AM74M,4qdA1aObkjbQklXn,xM6xYrmdJVQlE2nO,6p7ngnAMog6jDbrQ,4JWD3qMAP0mXRbzM,r1YMA3j518wrWrJw,V93PQ2Rd0xjj155XQ,0NMvQ0v0PXRv6LQ8,p5gaOWYRZAVrmoyg,mqMgXp9lkyEMl6DA6,DwyD0aO1qxJb7akO,YAzkvpaOW8LoRDmv,zoQQAZ1ddaQp7bL7,5yb7L60lwwo9pw5N,y0kzjE4W0Zzkp7lW,RDN92D5q350nl933,1xNz6Lb1JP8P5Y2Y,ZyMYP5757w5ZJzRr,g7ln4EmYZQ8A1AYk,A4Wmg3VAgkMYax72L,b28ja9YYZ6d0vpVw,Z75wwY0WyyXvq0pL,XEOPAvky8w6n2PpD,Lwyk0E8j9kQ05oq1,a0DojoRk5l6oY37L,1mQkrPmo6P4rd9j4,3n12827E1dm3PbX7,gMEA3RoLmm4npAYNN,7p19zaP6kRZ4DkQ7,pzkw7YVwJy88P96P,jEpmqXE6pR2Rv2AQX,omr9QQqEjdE8EP3z,pk4v489R1WkNRN2g,EbO50rwv33MP80Zx,DDaxDvnkloxMyqnO,ARzoVdAAAAbWvv4b,v9APmD5gbMq60rx0b,1zkzgWLYkZv4O5k7Y,ob8L4R0kw55R52LJ,RbgJ03aoyx3WvqXq,7lgWaWDaLzzZj4ylk,x5ywMwREg2ZbAJDm,bz84b5nbDyd7r9jd,Q7DlO9o2AVDdQ4n0M,gQ2yXZgN226ER3x0,knvvYzb8l6w1QwQQ,plL338Jn09m0QXgg,M3Eqmpbbq7d4q8Mn,zqwaPbNoygy4gwykl,DxddX4ZqxmlaYPZa,xPV56PO0j8MND0X5,zaL73M4lV0klXRlL,q0ONRL2ypmoXn9DJ0"
"SVG File Leather Celtic Knot Hair Ornaments for Glowforge Laser Cutter","An Instant Download of an SVG file.

All 3 designs are in the file, two cut objects for each item - one with the celtic knot and the other to provide the background (you can score or ignore the placement line on the background.

PLEASE NOTE: This listing is for an INSTANT DOWNLOAD.

You are purchasing a DIGITAL CUT FILE. NO PHYSICAL PRODUCT will be mailed to you.

You can cut them on any cutting machine. Just be sure your cutting machine and software are compatible.

If you receive a damaged file, I will gladly exchange it for a new one or in another format. If you would like the files in another format or if you have any further questions, please do not hesitate to ask!

LICENSE
Commercial License is included with all purchases: This allows you cut up unlimited amount of the file you purchase from my store and sell them. You may NOT sell the digital file, you may sell just the items you cut.",6.63,CAD,96,"leather_pattern,laser_file,laser_cutter_file,SVG_download,SVG_file,rose_stencil,glowforge,hair_accessories,SVG_hair,hair_barrette,celtic_barrette,barrette_file,glowforge_barrette",,https://i.etsystatic.com/19409017/r/il/f3fff1/2263093321/il_fullxfull.2263093321_irq5.jpg,https://i.etsystatic.com/19409017/r/il/36af15/2263094699/il_fullxfull.2263094699_lrts.jpg,,,,,,,,,,,,,,,
"Cable wrap, Cord holder, Cord keeper, Cord taco, Cord management, Cord organizer, Cord wrap, Wire management, Wire organizer, Cable ties","Keep your cords in order with this handmade wrap. When it is done up it looks like it is sticking it’s tongue out at you!",17,CAD,500,"cord_management,accessories,tech_accessories,headphone_wrap,cute,leather_cord_wrap,gifts_for_teens,gifts,cord_organization,leather_cable_holder,cable_organization,headphone_organizer,sloth",,https://i.etsystatic.com/19409017/r/il/4df0fe/1777601796/il_fullxfull.1777601796_6wvo.jpg,https://i.etsystatic.com/19409017/r/il/34d366/1777597682/il_fullxfull.1777597682_akhx.jpg,https://i.etsystatic.com/19409017/r/il/e7ea48/1777597634/il_fullxfull.1777597634_kdx6.jpg,,,,,,,,Colour,"Primary colour","Black,Brown,Gold,Silver,Medium Brown,Blue,Green,Pink,Purple,Red",,,,"DoqyP2x0XxxPnJNa,pn8lEjJr150vN215y,7ngv1V0RANXrO3z0,wLY22YWDyPQmkqaV,M0Pa6DNz4vvl56p7,pa8mbYzkJovQAyvn,ZEQXnV8AR2YXOWYW,oykzvQRjowVboarq,jbgY1R2a1YxPkXoN,85WOk7ARln29qg8g"
"Custom Dog Hair Accessories Leather Alice in Wonterland Teacup Hat","Custom hair accessories for your adorable fluffy friend! Select the colour that you would like!",20,CAD,48,"dog_bow,dog_accessories,dog_hat,cute_dog,Pet_supplies,Pet_accessories,shih_tzu_hair_bow,dog_hair_bows,puppy_bow,yorkie_bow,maltese_bow,custom_dog_bow,alice_in_wonderland",,https://i.etsystatic.com/19409017/r/il/4e2cfa/1786347456/il_fullxfull.1786347456_tqtz.jpg,https://i.etsystatic.com/19409017/r/il/77fac9/1833815463/il_fullxfull.1833815463_bncl.jpg,https://i.etsystatic.com/19409017/r/il/c5accd/1786347932/il_fullxfull.1786347932_j8zo.jpg,https://i.etsystatic.com/19409017/r/il/6f994f/1786353486/il_fullxfull.1786353486_568p.jpg,,,,,,,,,,,,,
"Pumpkin Leather Bookmark With Custom Text","Hand-dyed 3oz Veg-tanned Leather bookmark. The dye colours are Gold/Orange and Bordeaux. It is 15 cm long and 3 cm wide.",25,CAD,67,"Halloween_gift,book_club_gifts,fall_bookmark,Halloween,pumpkin,personalized,customized_bookmark,books,leather_book_mark,leather_bookmark,bookmark,gifts,custom_bookmark",,https://i.etsystatic.com/19409017/r/il/35ef5c/3380170315/il_fullxfull.3380170315_e42q.jpg,https://i.etsystatic.com/19409017/r/il/db1bd4/3332471386/il_fullxfull.3332471386_esjk.jpg,https://i.etsystatic.com/19409017/r/il/5fb0bb/3380165623/il_fullxfull.3380165623_o8cl.jpg,https://i.etsystatic.com/19409017/r/il/3db730/3380165711/il_fullxfull.3380165711_faoa.jpg,https://i.etsystatic.com/19409017/r/il/24d86e/3332471488/il_fullxfull.3332471488_s87k.jpg,https://i.etsystatic.com/19409017/r/il/84068f/3336074830/il_fullxfull.3336074830_rrzn.jpg,,,,,,,,,,,
"Proceeds Donated Black Lives Matter Fist Leather Cord Wrap","100% of the sale of this item will be donated to Black Lives Matter Toronto. Keep your cords in order with this handmade wrap.",20,CAD,48,"accessories,tech_accessories,headphone_wrap,cute,leather_cord_wrap,gifts_for_teens,gifts,cord_organization,leather_cable_holder,cable_organization,Black_Lives_Matter,blm,Fist",,https://i.etsystatic.com/19409017/r/il/5a4561/2398174067/il_fullxfull.2398174067_km9w.jpg,https://i.etsystatic.com/19409017/r/il/e76180/2350582206/il_fullxfull.2350582206_7lgm.jpg,,,,,,,,,,,,,,,
"Celtic Knot Leather Keyring Card Holder","Hand dyed, hand stitched leather card holder with a key ring. Laser etched celtic knot. Pocket holds 1 or 2 cards. Hand dyed vegetable tanned leather in bordeaux with black waxed thread stitching.",40,CAD,17,"key_ring,gifts,gifts_for_teens,gifts_for_groomsmen,gifts_for_teacher,gifts_for_men,celtic,viking,celtic_know,card_holder,bus_pass_holder,accessories_for_men,accessories_women",,https://i.etsystatic.com/19409017/r/il/6fb9ff/1753838398/il_fullxfull.1753838398_j6yg.jpg,https://i.etsystatic.com/19409017/r/il/18b21e/1753837820/il_fullxfull.1753837820_ofzn.jpg,https://i.etsystatic.com/19409017/r/il/efb97b/1801291325/il_fullxfull.1801291325_mg0h.jpg,,,,,,,,,,,,,,
"Celtic Knot Leather Luggage Tag with Engraved Wood Swing Out Address Tag","Hand dyed vegetable tanned leather luggage tag with laser etched celtic knot. Name and address are cleverly hidden on a wooden tag. Please provide Name and address for engraving in the space provided. Assembly by chicago screw - instructions included.",47,CAD,10,"luggage_tags,gifts_for_men,gifts,gifts_for_women,gifts_for_groomsmen,leather,celtic_knot,vikings,celtic,gifts_for_graduate,accessories,travel,accessories_for_men",,https://i.etsystatic.com/19409017/r/il/5cd58c/1801324107/il_fullxfull.1801324107_lt7e.jpg,https://i.etsystatic.com/19409017/r/il/ee8f12/1801324255/il_fullxfull.1801324255_d36t.jpg,,,,,,,,,,,,,,,
"Celtic Knot Three Pocket Leather Card Holder","A handmade, hand dyed leather card wallet that can hold up to 5 cards. Vegetable tanned leather dyed Bordeaux with black waxed thread stitching.",37,CAD,10,"gifts_for_men,gifts_for_groomsmen,gifts,card_holder,card_wallet,leather,accessories,celtic_knot,gifts_for_teacher,mens_accessories,womens_accessories,vikings,celtic",,https://i.etsystatic.com/19409017/r/il/070914/1801264319/il_fullxfull.1801264319_sd9g.jpg,https://i.etsystatic.com/19409017/r/il/e12d33/1801263769/il_fullxfull.1801263769_2qep.jpg,,,,,,,,,,,,,,,
"Capricorn Personalized Leather Bookmark","Hand-dyed 3oz Veg-tanned Leather Capricorn bookmark. The dye colour is Tan. It is 16.5 cm long and 3.5 cm wide.",25,CAD,89,"astrology_gift,Capricorn_bookmark,astrology,zodiac_sign,Capricorn,personalized,customized_bookmark,books,book_accessories,leather_bookmark,bookmark,gifts,personalize_gift",,https://i.etsystatic.com/19409017/r/il/2e72d5/3409677795/il_fullxfull.3409677795_mubs.jpg,https://i.etsystatic.com/19409017/r/il/f2328d/3409677847/il_fullxfull.3409677847_88p2.jpg,https://i.etsystatic.com/19409017/r/il/4193bf/3409677849/il_fullxfull.3409677849_3i23.jpg,https://i.etsystatic.com/19409017/r/il/200818/3409677967/il_fullxfull.3409677967_empj.jpg,https://i.etsystatic.com/19409017/r/il/c91a75/3409678021/il_fullxfull.3409678021_hivm.jpg,https://i.etsystatic.com/19409017/r/il/03b59f/3361989896/il_fullxfull.3361989896_68eg.jpg,https://i.etsystatic.com/19409017/r/il/4e9e93/3361989990/il_fullxfull.3361989990_fxfc.jpg,,,,,,,,,,
"Dusk Forest Silhouette Single Pocket Leather Card Holder","A handmade, hand dyed leather card wallet that can hold up to 10 cards (or any combination of cards and money). Vegetable tanned leather with engraved details on the inside dyed a custom mix of silver, blue and pearl on the inside, black on the outside with black waxed thread stitching.",37,CAD,9,"steampunk,heart,gifts_for_men,gifts_for_groomsmen,gifts,card_holder,card_wallet,leather,accessories,celtic_knot,gifts_for_teacher,mens_accessories,womens_accessories",,https://i.etsystatic.com/19409017/r/il/f929d4/1906706511/il_fullxfull.1906706511_rssw.jpg,https://i.etsystatic.com/19409017/r/il/384dc9/1859196942/il_fullxfull.1859196942_ihhk.jpg,https://i.etsystatic.com/19409017/r/il/434ebb/1859196862/il_fullxfull.1859196862_9vf0.jpg,https://i.etsystatic.com/19409017/r/il/28fbc0/1906706673/il_fullxfull.1906706673_n5rd.jpg,https://i.etsystatic.com/19409017/r/il/df3d67/1906706731/il_fullxfull.1906706731_7sg2.jpg,https://i.etsystatic.com/19409017/r/il/4adf0f/1906706773/il_fullxfull.1906706773_brsi.jpg,,,,,,,,,,,
"Customizable Maple Leaf Leather Bookmark Book Accessories","Hand-dyed 3oz Veg-tanned Leather Maple Leaf bookmark. The dye colours are Gold and Bordeaux. It is 14.5 cm long and 3 cm wide.",25,CAD,32,"maple_leaf_bookmark,personalized,customized_bookmark,Nature_bookmark,accessories,books,Gifts_for_Teacher,Gifts_for_Men,book_accessories,leather_book_mark,leather_bookmark,bookmark,gifts",,https://i.etsystatic.com/19409017/r/il/1dfc1f/1894679459/il_fullxfull.1894679459_kqon.jpg,https://i.etsystatic.com/19409017/r/il/998a7e/1847186224/il_fullxfull.1847186224_9te0.jpg,https://i.etsystatic.com/19409017/r/il/0c8af4/1847186232/il_fullxfull.1847186232_rrbl.jpg,,,,,,,,,,,,,,
"Cable wrap, Cord holder, Cord keeper, Cord taco, Cord management, Cord organizer, Cord wrap, Wire management, Wire organizer, Cable ties","Keep your cords in order with this handmade wrap. When it is done up it looks like it is sticking it’s tongue out at you!",17,CAD,230,"cord_management,accessories,tech_accessories,headphone_wrap,cat,cute,leather_cord_wrap,gifts,cord_organization,headphone_organizer,headphone_holder,leather_cord_holder,cable_organizers",,https://i.etsystatic.com/19409017/r/il/02bd81/2024373717/il_fullxfull.2024373717_f3r1.jpg,https://i.etsystatic.com/19409017/r/il/91594f/2024373757/il_fullxfull.2024373757_6iww.jpg,https://i.etsystatic.com/19409017/r/il/52d84e/1817657431/il_fullxfull.1817657431_p63t.jpg,https://i.etsystatic.com/19409017/r/il/e5c882/1817657875/il_fullxfull.1817657875_sbl1.jpg,,,,,,,Colour,"Primary colour","Black,Brown,Gold,Silver,Medium Brown",,,,"J9PYDdY2yx45YwN2,qzyEWNvb4z6EzJlq,Er4AAqvW0qLXkbLq,N1gv3l0d9d3W01yw,VlYbXVMv9j7RVOJE"
"Customizable Pansy Leather Bookmark","Hand-dyed 3oz Veg-tanned Leather Pansy bookmark. The dye colours are Gold, Silver Purple, Purple and Bordeaux. It is 14.5 cm long and 3 cm wide.",25,CAD,48,"pansy,flower_bookmark,flower,personalized,customized_bookmark,Nature_bookmark,accessories,books,book_accessories,leather_book_mark,leather_bookmark,bookmark,gifts",,https://i.etsystatic.com/19409017/r/il/db303a/2890444165/il_fullxfull.2890444165_qx8t.jpg,https://i.etsystatic.com/19409017/r/il/0cf6ba/2842776828/il_fullxfull.2842776828_jgnh.jpg,https://i.etsystatic.com/19409017/r/il/5f9377/2842776858/il_fullxfull.2842776858_iuv4.jpg,https://i.etsystatic.com/19409017/r/il/87b828/2842777030/il_fullxfull.2842777030_dqfx.jpg,,,,,,,,,,,,,
"Proceeds Donated Black Lives Matter Fist Customizable  Leather Bookmark","100% of this sale will be donated to Black Lives Matter Toronto. Hand-dyed 3oz Veg-tanned Leather Black Lives Matter  bookmark. The dye colours are Gold and Bordeaux. It is 14.5 cm long and 3 cm wide.",25,CAD,58,"fist,blm,black_lives_matter,custom_bookmark,personalized,customized_bookmark,accessories,books,book_accessories,leather_book_mark,leather_bookmark,bookmark,gifts",,https://i.etsystatic.com/19409017/r/il/fe8736/2398151963/il_fullxfull.2398151963_o3cx.jpg,https://i.etsystatic.com/19409017/r/il/1529e8/2398139787/il_fullxfull.2398139787_h5ge.jpg,,,,,,,,,,,,,,,
"Customizable Oak Leaf Leather Bookmark Book Accessories","Hand-dyed 3oz Veg-tanned Leather Oak Leaf bookmark. The dye colours are Gold and Bordeaux. It is 14.5 cm long and 3 cm wide.",25,CAD,41,"oak_leaf_bookmark,personalized,customized_bookmark,Nature_bookmark,accessories,books,Gifts_for_Teacher,Gifts_for_Men,book_accessories,leather_book_mark,leather_bookmark,bookmark,gifts",,https://i.etsystatic.com/19409017/r/il/9014ad/1847187868/il_fullxfull.1847187868_g8tt.jpg,https://i.etsystatic.com/19409017/r/il/e7db06/1847187922/il_fullxfull.1847187922_eq9g.jpg,https://i.etsystatic.com/19409017/r/il/12f359/1847187954/il_fullxfull.1847187954_qoh4.jpg,,,,,,,,,,,,,,
"Birch Leaf Customizable Leather Bookmark Book Accessories","Hand-dyed 3oz Veg-tanned Leather Ash Leaf bookmark. The dye colours are Gold and Bordeaux. It is 14.5 cm long and 3 cm wide.",25,CAD,40,"Ash_leaf_bookmark,personalized,customized_bookmark,Nature_bookmark,accessories,books,Gifts_for_Teacher,Gifts_for_Men,book_accessories,leather_book_mark,leather_bookmark,bookmark,gifts",,https://i.etsystatic.com/19409017/r/il/2b1269/1847176334/il_fullxfull.1847176334_np0c.jpg,https://i.etsystatic.com/19409017/r/il/3bc165/1894669357/il_fullxfull.1894669357_cgvs.jpg,https://i.etsystatic.com/19409017/r/il/66e9e8/1847176278/il_fullxfull.1847176278_jqgw.jpg,,,,,,,,,,,,,,
"Owl Leather Cord Wrap","Keep your cords in order with this handmade wrap. When it is done up it looks like it is sticking it’s tongue out at you!",20,CAD,43,"kawaii,owl,cord_management,accessories,tech_accessories,headphone_wrap,cute,leather_cord_wrap,gifts,cord_organization,leather_cable_holder,cable_organization,headphone_organizer",,https://i.etsystatic.com/19409017/r/il/437eb0/2233236933/il_fullxfull.2233236933_hgft.jpg,https://i.etsystatic.com/19409017/r/il/48c2df/2185684914/il_fullxfull.2185684914_s129.jpg,,,,,,,,,,,,,,,
